ชื่อสินค้า,SKU,ตัวเลือกสินค้า,โค้ดชื่อสินค้า + สี,โค้ดชื่อสินค้า,สี
GOODHOME ราวเดี่ยว A Mininmal รุ่น Aมินิมอล เหล็กชุปสี แข็งแรง ทนทาน💖ราวตากผ้าสีพาสเทล💖,P00040,สีชมพู PINK MINIMAL,A มินิ ชม,,
GOODHOME ราวเดี่ยว A Mininmal รุ่น Aมินิมอล เหล็กชุปสี แข็งแรง ทนทาน💖ราวตากผ้าสีพาสเทล💖,P00043,สีฟ้า BLUE MINIMAL,A มินิ ฟ้า,,
GOODHOME ราวเดี่ยว A Mininmal รุ่น Aมินิมอล เหล็กชุปสี แข็งแรง ทนทาน💖ราวตากผ้าสีพาสเทล💖,P00041,สีแดง RED MINIMAL,A มินิ แดง,,
GOODHOME ราวเดี่ยว A Mininmal รุ่น Aมินิมอล เหล็กชุปสี แข็งแรง ทนทาน💖ราวตากผ้าสีพาสเทล💖,P00042,สีน้ำเงินNAVYMINIMAL,A มินิ น้ำเงิน,,
GOODHOME ราวเดี่ยว A Mininmal รุ่น Aมินิมอล เหล็กชุปสี แข็งแรง ทนทาน💖ราวตากผ้าสีพาสเทล💖,P00039,สีเขียว GREENMINIMAL,A มินิ เขียว,,
GOODHOME ราวเดี่ยว A Mininmal รุ่น Aมินิมอล เหล็กชุปสี แข็งแรง ทนทาน💖ราวตากผ้าสีพาสเทล💖,P00153,สีขาว WHITE MINIMAL,A มินิ ขาว,,
GOODHOME ตู้แขวนเสื้อผ้าแบบพลาสติก**สโนว์** จุเสื้อผ้าได้เยอะ แข็งแรง ทนทาน🌈ส่งคละสี🌈,P00182,สโนว์,ตู้พลาสติก สโนว์ SNOW,,
ชั้นวางของอเนกประสงค์ 2ชั้น ทำจากไม้ปาร์ติเกิ้ลหนาและเหล็กกลมหนา รุ่นN42 สามารถใช้วางทีวีและไมโครเวฟได้ ✅มี3สีให้เลือก✅,,"2ชั้น N42,โอ็ค(ขาเมทัลลิค)",N42 โอ็ค,,
ชั้นวางของอเนกประสงค์ 2ชั้น ทำจากไม้ปาร์ติเกิ้ลหนาและเหล็กกลมหนา รุ่นN42 สามารถใช้วางทีวีและไมโครเวฟได้ ✅มี3สีให้เลือก✅,,"2ชั้น N42,โซลิค(ขาขาว)",N42 โซลิค,,
ชั้นวางของอเนกประสงค์ 2ชั้น ทำจากไม้ปาร์ติเกิ้ลหนาและเหล็กกลมหนา รุ่นN42 สามารถใช้วางทีวีและไมโครเวฟได้ ✅มี3สีให้เลือก✅,,"2ชั้น N42,บีช(ขาเมทัลลิค)",N42 บีช,,
GOODHOME (ขายดี) เปลกรง เปลลูกกรง/เปลกรงลายหมี🧸 เปลเด็ก เปลนอน รวมมุ้ง เปลกรง เปลเด็ก❤️ เปลเด็ก เปลลูกกรง ที่นอนเด็กทารก,,"ลายหมีแพนด้า,สีชมพู",เปลกรง หมีชม,,
GOODHOME (ขายดี) เปลกรง เปลลูกกรง/เปลกรงลายหมี🧸 เปลเด็ก เปลนอน รวมมุ้ง เปลกรง เปลเด็ก❤️ เปลเด็ก เปลลูกกรง ที่นอนเด็กทารก,P00266,"ลายดอกไม้,สีฟ้า",เปลกรง ฟ้า,,
GOODHOME (ขายดี) เปลกรง เปลลูกกรง/เปลกรงลายหมี🧸 เปลเด็ก เปลนอน รวมมุ้ง เปลกรง เปลเด็ก❤️ เปลเด็ก เปลลูกกรง ที่นอนเด็กทารก,P00267,"ลายดอกไม้,สีชมพู",เปลกรง ชม,,
GOODHOME (ขายดี) เปลกรง เปลลูกกรง/เปลกรงลายหมี🧸 เปลเด็ก เปลนอน รวมมุ้ง เปลกรง เปลเด็ก❤️ เปลเด็ก เปลลูกกรง ที่นอนเด็กทารก,,"ลายหมีแพนด้า,สีฟ้า",เปลกรง หมีฟ้า,,
GOODHOME เปลดีไลท์ เปลเด็กดีไลท์ เปล เปลกรง เปลลูกกรง เปลเด็ก เปลไกว เปลนอน เปลพร้อมมุ้ง *มีบริการชำระเงินปลายทาง*,,"ดีไลท์ , ฟ้า",ดีไลท์ ฟ้า,,
GOODHOME เปลดีไลท์ เปลเด็กดีไลท์ เปล เปลกรง เปลลูกกรง เปลเด็ก เปลไกว เปลนอน เปลพร้อมมุ้ง *มีบริการชำระเงินปลายทาง*,,"ดีไลท์ , ชมพู",ดีไลท์ ชม,,
"GOODHOME มุ้งครอบ มุ้งกันยุง สำหรับเด็ก และ ผู้ใหญ่ ✅มี5ไซส์ ให้เลือก M, L, XL, 2XL, 3XL✅มี2สีให้เลือก✅ เกรดAAA+",,"มุ้งครอบ 3XL(XXXL),ฟ้า",มุ้งครอบ 3XL ฟ้า,,
"GOODHOME มุ้งครอบ มุ้งกันยุง สำหรับเด็ก และ ผู้ใหญ่ ✅มี5ไซส์ ให้เลือก M, L, XL, 2XL, 3XL✅มี2สีให้เลือก✅ เกรดAAA+",,"มุ้งครอบ XL,ฟ้า",มุ้งครอบ XL ฟ้า,,
"GOODHOME มุ้งครอบ มุ้งกันยุง สำหรับเด็ก และ ผู้ใหญ่ ✅มี5ไซส์ ให้เลือก M, L, XL, 2XL, 3XL✅มี2สีให้เลือก✅ เกรดAAA+",,"มุ้งครอบ M,ฟ้า",มุ้งครอบ M ฟ้า,,
"GOODHOME มุ้งครอบ มุ้งกันยุง สำหรับเด็ก และ ผู้ใหญ่ ✅มี5ไซส์ ให้เลือก M, L, XL, 2XL, 3XL✅มี2สีให้เลือก✅ เกรดAAA+",,"มุ้งครอบ 2XL(XXL),ฟ้า",มุ้งครอบ 2XL ฟ้า,,
"GOODHOME มุ้งครอบ มุ้งกันยุง สำหรับเด็ก และ ผู้ใหญ่ ✅มี5ไซส์ ให้เลือก M, L, XL, 2XL, 3XL✅มี2สีให้เลือก✅ เกรดAAA+",,"มุ้งครอบ M,ชมพู",มุ้งครอบ M ชม,,
"GOODHOME มุ้งครอบ มุ้งกันยุง สำหรับเด็ก และ ผู้ใหญ่ ✅มี5ไซส์ ให้เลือก M, L, XL, 2XL, 3XL✅มี2สีให้เลือก✅ เกรดAAA+",,"มุ้งครอบ XL,ชมพู",มุ้งครอบ XL ชม,,
"GOODHOME มุ้งครอบ มุ้งกันยุง สำหรับเด็ก และ ผู้ใหญ่ ✅มี5ไซส์ ให้เลือก M, L, XL, 2XL, 3XL✅มี2สีให้เลือก✅ เกรดAAA+",,"มุ้งครอบ 3XL(XXXL),ชมพู",มุ้งครอบ 3XL ชม,,
"GOODHOME มุ้งครอบ มุ้งกันยุง สำหรับเด็ก และ ผู้ใหญ่ ✅มี5ไซส์ ให้เลือก M, L, XL, 2XL, 3XL✅มี2สีให้เลือก✅ เกรดAAA+",,"มุ้งครอบ 2XL(XXL),ชมพู",มุ้งครอบ 2XL ชม,,
"GOODHOME มุ้งครอบ มุ้งกันยุง สำหรับเด็ก และ ผู้ใหญ่ ✅มี5ไซส์ ให้เลือก M, L, XL, 2XL, 3XL✅มี2สีให้เลือก✅ เกรดAAA+",,"มุ้งครอบ L,ชมพู",มุ้งครอบ L ชม,,
"GOODHOME มุ้งครอบ มุ้งกันยุง สำหรับเด็ก และ ผู้ใหญ่ ✅มี5ไซส์ ให้เลือก M, L, XL, 2XL, 3XL✅มี2สีให้เลือก✅ เกรดAAA+",,"มุ้งครอบ L,ฟ้า",มุ้งครอบ L ฟ้า,,
GOODHOME เปลญวน เปลไกวเปลเรือ♥️เปลไกวได้ครบชุด♥️ เปลเรือคุณหนู สีฟ้า-ชมพู เปลเด็ก เปลญวน สำหรับเด็ก เปลเด็กอ่อน,,เปลเรือ ชมพู,เปลเรือ ชม,,
GOODHOME เปลญวน เปลไกวเปลเรือ♥️เปลไกวได้ครบชุด♥️ เปลเรือคุณหนู สีฟ้า-ชมพู เปลเด็ก เปลญวน สำหรับเด็ก เปลเด็กอ่อน,,เปลเรือ ฟ้า,เปลเรือ ฟ้า,,
GOODHOME เปลโซ่👍เปลไกวพร้อมมุ้ง👍คุณภาพดีผลิตในไทยเปลเด็ก เปลเด็กแรกเกิดกะทัดรัดพกพาได้​ มีมุ้งกันยุงและแมลง,P00275,เปลโซ่ ชมพู,เปลโซ่ ชม,,
GOODHOME เปลโซ่👍เปลไกวพร้อมมุ้ง👍คุณภาพดีผลิตในไทยเปลเด็ก เปลเด็กแรกเกิดกะทัดรัดพกพาได้​ มีมุ้งกันยุงและแมลง,P00274,เปลโซ๋ ฟ้า,เปลโซ่ ฟ้า,,
GOODHOME มุ้งเปลลูกกรง(เฉพาะมุ้ง ไม่รวมเตียง)1ชุดมีมุ้งคลุมเปลและมุ้งครอบโครงเปล,,"มุ้งเปลกรงหมีแพนด้า,ฟ้า",มุ้งเปลกรง หมีฟ้า,,
GOODHOME มุ้งเปลลูกกรง(เฉพาะมุ้ง ไม่รวมเตียง)1ชุดมีมุ้งคลุมเปลและมุ้งครอบโครงเปล,,"มุ้งเปลกรงหมีแพนด้า,ชมพู",มุ้งเปลกรง หมีชม,,
GOODHOME มุ้งเปลลูกกรง(เฉพาะมุ้ง ไม่รวมเตียง)1ชุดมีมุ้งคลุมเปลและมุ้งครอบโครงเปล,,"มุ้งเปลกรงดอกไม้,ฟ้า",มุ้งเปลกรง ฟ้า,,
GOODHOME มุ้งเปลลูกกรง(เฉพาะมุ้ง ไม่รวมเตียง)1ชุดมีมุ้งคลุมเปลและมุ้งครอบโครงเปล,,"มุ้งเปลกรงดอกไม้,ชมพู",มุ้งเปลกรง ชม,,
GOODHOME แขนเกาะตะแกรง เหล็กเกาะตะแกรง 9ปุ่ม,,แขนเกี่ยวราว,เฉพาะ แขน ราว3แขน,,
GOODHOME เก้าอี้พลาสติก เกรดA มีพนักพิง มียางกันลื่น แข็งแรงที่สุดในตลาด มี6สี นั่งสำหรับ สนาม นั่งเล่น วัด ห้องประชุม,P00078,สีชมพู Pink,พิงA ชมพู,,
GOODHOME เก้าอี้พลาสติก เกรดA มีพนักพิง มียางกันลื่น แข็งแรงที่สุดในตลาด มี6สี นั่งสำหรับ สนาม นั่งเล่น วัด ห้องประชุม,P00073,สีขาว White,พิงA ขาว,,
GOODHOME เก้าอี้พลาสติก เกรดA มีพนักพิง มียางกันลื่น แข็งแรงที่สุดในตลาด มี6สี นั่งสำหรับ สนาม นั่งเล่น วัด ห้องประชุม,P00074,สีแดง Red,พิงA แดง,,
GOODHOME เก้าอี้พลาสติก เกรดA มีพนักพิง มียางกันลื่น แข็งแรงที่สุดในตลาด มี6สี นั่งสำหรับ สนาม นั่งเล่น วัด ห้องประชุม,P00075,สีน้ำเงิน Navy,พิงA น้ำเงิน,,
GOODHOME เก้าอี้พลาสติก เกรดA มีพนักพิง มียางกันลื่น แข็งแรงที่สุดในตลาด มี6สี นั่งสำหรับ สนาม นั่งเล่น วัด ห้องประชุม,P00076,สีเขียว Green,พิงA เขียว,,
GOODHOME เก้าอี้พลาสติก เกรดA มีพนักพิง มียางกันลื่น แข็งแรงที่สุดในตลาด มี6สี นั่งสำหรับ สนาม นั่งเล่น วัด ห้องประชุม,P00077,สีฟ้า Blue,พิงA ฟ้า,,
เก้าอี้พลาสติก5ขาทรงเตี้ย สีดำ พลาสติกเกรดA มียางกันลื่น เก้าอี้พลาสติกชายหาด เหมาะกับการใช้ ซักผ้า ล้างห้องน้ำ,,5ขาทรงเตี้ย สีดำ,5ขา เตี้ย สีดำ,,
"GOODHOME โต๊ะพับหน้าไม้ ขนาด2.5ฟุตขาเหล็กกลมขาไขว้พับเก็บได้ โต๊ะพับหน้าไม้ โครงเหล็กทั้งตัว สำหรับกินข้าว,ทำงาน,ขายของ",P00186,ลายหินอ่อนขาว White,1830หน้าไม้ ลายหินขาว,,
"GOODHOME โต๊ะพับหน้าไม้ ขนาด2.5ฟุตขาเหล็กกลมขาไขว้พับเก็บได้ โต๊ะพับหน้าไม้ โครงเหล็กทั้งตัว สำหรับกินข้าว,ทำงาน,ขายของ",P00187,ลายไม้ Minimal Wood,1830หน้าไม้ ลายไม้,,
GOODHOME ตู้เสื้อผ้า❎มีซิปรูดปิด กันฝุ่นเข้า❎เคลื่อนย้ายง่าย ประหยัดพื้นที่,,สกาย,ตู้พลาสติก สกาย SKY,,
"GOODHOME ชั้นวางของพลาสติกอเนกประสงค์ 4ชั้น สีเงิน ขนาด30x40x72ซม. สำหรับใช้ในห้องครัว,ห้องน้ำ,วางขวดซอสได้ ทนฝนทนแดด",P00210,ชั้นเงิน 4 ชั้น,,,
"GOODHOME โต๊ะพับเหล็ก รุ่นMINIMAL ขนาด40x60ซม. ขาเหล็กกลมขาไขว้พับเก็บได้ โต๊ะพับเหล็กทั้งตัว สำหรับกินข้าว,ทำงาน,ขายของ",,สีดำ BLACK Minimal,,,
"GOODHOME โต๊ะพับ หน้าไม้ 3ฟุต และ 4ฟุต ขาเหล็กกลมขาไขว้พับเก็บได้ โต๊ะพับเหล็กทั้งตัว สำหรับกินข้าว,ทำงาน,ขายของ",P00188,"โต๊ะพับ 3 ฟุต,ลายหินอ่อนขาว White",3ฟุต หน้าไม้ ลายหินขาว,,
"GOODHOME โต๊ะพับ หน้าไม้ 3ฟุต และ 4ฟุต ขาเหล็กกลมขาไขว้พับเก็บได้ โต๊ะพับเหล็กทั้งตัว สำหรับกินข้าว,ทำงาน,ขายของ",P00189,"โต๊ะพับ 3 ฟุต,ลายไม้ Minimal Wood",3ฟุต หน้าไม้ ลายไม้,,
"GOODHOME โต๊ะพับ หน้าไม้ 3ฟุต และ 4ฟุต ขาเหล็กกลมขาไขว้พับเก็บได้ โต๊ะพับเหล็กทั้งตัว สำหรับกินข้าว,ทำงาน,ขายของ",P00195,"โต๊ะพับ 4 ฟุต,ลายหินอ่อนขาว White",4ฟุต หน้าไม้ ลายหินขาว,,
"GOODHOME โต๊ะพับ หน้าไม้ 3ฟุต และ 4ฟุต ขาเหล็กกลมขาไขว้พับเก็บได้ โต๊ะพับเหล็กทั้งตัว สำหรับกินข้าว,ทำงาน,ขายของ",P00196,"โต๊ะพับ 4 ฟุต,ลายไม้ Minimal Wood",4ฟุต หน้าไม้ ลายไม้,,
เปลโยก เปล เปลอุ้ม เปลพร้อมของเล่น เปลพร้อมมุ้ง,,"BC205มีของเล่นnoมุ้ง,ฟ้า","BC205มีของเล่นnoมุ้ง,ฟ้า",,
เปลโยก เปล เปลอุ้ม เปลพร้อมของเล่น เปลพร้อมมุ้ง,,"BC205มีของเล่นnoมุ้ง,ชมพู","BC205มีของเล่นnoมุ้ง,ชมพู",,
เปลโยก เปล เปลอุ้ม เปลพร้อมของเล่น เปลพร้อมมุ้ง,,"BC206 มีของเล่น,มุ้ง,น้ำเงิน","BC206 มีของเล่น,มุ้ง,น้ำเงิน",,
เปลโยก เปล เปลอุ้ม เปลพร้อมของเล่น เปลพร้อมมุ้ง,,"BC207 noของเล่น,มุ้ง,ฟ้า","BC207 noของเล่น,มุ้ง,ฟ้า",,
เปลโยก เปล เปลอุ้ม เปลพร้อมของเล่น เปลพร้อมมุ้ง,,"BC206 มีของเล่น,มุ้ง,ชมพู","BC206 มีของเล่น,มุ้ง,ชมพู",,
เปลโยก เปล เปลอุ้ม เปลพร้อมของเล่น เปลพร้อมมุ้ง,,"BC207 noของเล่น,มุ้ง,น้ำเงิน","BC207 noของเล่น,มุ้ง,น้ำเงิน",,
เปลโยก เปล เปลอุ้ม เปลพร้อมของเล่น เปลพร้อมมุ้ง,,"BC205มีของเล่นnoมุ้ง,แดง","BC205มีของเล่นnoมุ้ง,แดง",,
เปลโยก เปล เปลอุ้ม เปลพร้อมของเล่น เปลพร้อมมุ้ง,,"BC207 noของเล่น,มุ้ง,แดง","BC207 noของเล่น,มุ้ง,แดง",,
เปลโยก เปล เปลอุ้ม เปลพร้อมของเล่น เปลพร้อมมุ้ง,,"BC205มีของเล่นnoมุ้ง,น้ำเงิน","BC205มีของเล่นnoมุ้ง,น้ำเงิน",,
เปลโยก เปล เปลอุ้ม เปลพร้อมของเล่น เปลพร้อมมุ้ง,,"BC206 มีของเล่น,มุ้ง,ฟ้า","BC206 มีของเล่น,มุ้ง,ฟ้า",,
เปลโยก เปล เปลอุ้ม เปลพร้อมของเล่น เปลพร้อมมุ้ง,,"BC207 noของเล่น,มุ้ง,ชมพู","BC207 noของเล่น,มุ้ง,ชมพู",,
เปลโยก เปล เปลอุ้ม เปลพร้อมของเล่น เปลพร้อมมุ้ง,,"BC206 มีของเล่น,มุ้ง,แดง","BC206 มีของเล่น,มุ้ง,แดง",,
"GOODHOME เปลโยกเด็กมีล้อ (มีดนตรี, มีของเล่น) เปลเด็ก เปลอุ้ม เปลนอน นั่ง-เอน-นอน เปลโยกเด็กอ่อน สำหรับนอนเล่น",,"#102เปลอุ้มมีของเล่น,แดง",เปลอุ้ม 102 สีแดง,,
"GOODHOME เปลโยกเด็กมีล้อ (มีดนตรี, มีของเล่น) เปลเด็ก เปลอุ้ม เปลนอน นั่ง-เอน-นอน เปลโยกเด็กอ่อน สำหรับนอนเล่น",,"#102เปลอุ้มมีของเล่น,น้ำเงิน",เปลอุ้ม 102 สีน้ำเงิน,,
"GOODHOME เปลโยกเด็กมีล้อ (มีดนตรี, มีของเล่น) เปลเด็ก เปลอุ้ม เปลนอน นั่ง-เอน-นอน เปลโยกเด็กอ่อน สำหรับนอนเล่น",,"#101เปลอุ้มnoของเล่น,แดง",เปลอุ้ม 101 สีแดง,,
"GOODHOME เปลโยกเด็กมีล้อ (มีดนตรี, มีของเล่น) เปลเด็ก เปลอุ้ม เปลนอน นั่ง-เอน-นอน เปลโยกเด็กอ่อน สำหรับนอนเล่น",,"#101เปลอุ้มnoของเล่น,น้ำเงิน",เปลอุ้ม 101 สีน้ำเงิน,,
GOODHOME ชั้นวางรองเท้าเหล็กข้างไม้ 3-4-5ชั้น วางรองเท้าได้9-20คู่ ประกอบง่ายเพียงใช้น็อตขัน สามารถถอดประกอบได้✅,P00149,"5ชั้นรองเท้าข้างไม้,บีช","5ชั้นรองเท้าข้างไม้,สีบีช",,
GOODHOME ชั้นวางรองเท้าเหล็กข้างไม้ 3-4-5ชั้น วางรองเท้าได้9-20คู่ ประกอบง่ายเพียงใช้น็อตขัน สามารถถอดประกอบได้✅,P00145,"3ชั้นรองเท้าข้างไม้,โซลิค","3ชั้นรองเท้าข้างไม้,สีโซลิค",,
GOODHOME ชั้นวางรองเท้าเหล็กข้างไม้ 3-4-5ชั้น วางรองเท้าได้9-20คู่ ประกอบง่ายเพียงใช้น็อตขัน สามารถถอดประกอบได้✅,P00144,"3ชั้นรองเท้าข้างไม้,โอ๊ค","3ชั้นรองเท้าข้างไม้,สีโอ้ค",,
GOODHOME ชั้นวางรองเท้าเหล็กข้างไม้ 3-4-5ชั้น วางรองเท้าได้9-20คู่ ประกอบง่ายเพียงใช้น็อตขัน สามารถถอดประกอบได้✅,P00148,"4ชั้นรองเท้าข้างไม้,โซลิค","4ชั้นรองเท้าข้างไม้,สีโซลิค",,
GOODHOME ชั้นวางรองเท้าเหล็กข้างไม้ 3-4-5ชั้น วางรองเท้าได้9-20คู่ ประกอบง่ายเพียงใช้น็อตขัน สามารถถอดประกอบได้✅,P00146,"4ชั้นรองเท้าข้างไม้,บีช","4ชั้นรองเท้าข้างไม้,สีบีช",,
GOODHOME ชั้นวางรองเท้าเหล็กข้างไม้ 3-4-5ชั้น วางรองเท้าได้9-20คู่ ประกอบง่ายเพียงใช้น็อตขัน สามารถถอดประกอบได้✅,P00143,"3ชั้นรองเท้าข้างไม้,บีช","3ชั้นรองเท้าข้างไม้,สีบีช",,
GOODHOME ชั้นวางรองเท้าเหล็กข้างไม้ 3-4-5ชั้น วางรองเท้าได้9-20คู่ ประกอบง่ายเพียงใช้น็อตขัน สามารถถอดประกอบได้✅,P00147,"4ชั้นรองเท้าข้างไม้,โอ๊ค","4ชั้นรองเท้าข้างไม้,สีโอ้ค",,
GOODHOME ชั้นวางรองเท้าเหล็กข้างไม้ 3-4-5ชั้น วางรองเท้าได้9-20คู่ ประกอบง่ายเพียงใช้น็อตขัน สามารถถอดประกอบได้✅,P00151,"5ชั้นรองเท้าข้างไม้,โซลิค","5ชั้นรองเท้าข้างไม้,สีโซลิค",,
GOODHOME ชั้นวางรองเท้าเหล็กข้างไม้ 3-4-5ชั้น วางรองเท้าได้9-20คู่ ประกอบง่ายเพียงใช้น็อตขัน สามารถถอดประกอบได้✅,P00150,"5ชั้นรองเท้าข้างไม้,โอ๊ค","5ชั้นรองเท้าข้างไม้,สีโอ้ค",,
GOODHOME ราวตากผ้าA-9มีล้อ ตากผ้าเปียก ชั้นล่างเป็นตะกร้า รุ่นข.ขวด✅มี5สีให้เลือก✅,P00029,A-9 (เก้า) เขียว,ราว A9 สีเขียว,,
GOODHOME ราวตากผ้าA-9มีล้อ ตากผ้าเปียก ชั้นล่างเป็นตะกร้า รุ่นข.ขวด✅มี5สีให้เลือก✅,P00030,A-9 (เก้า) ชมพู,ราว A9 สีชมพู,,
GOODHOME ราวตากผ้าA-9มีล้อ ตากผ้าเปียก ชั้นล่างเป็นตะกร้า รุ่นข.ขวด✅มี5สีให้เลือก✅,P00031,A-9 (เก้า) แดง,ราว A9 สีแดง,,
GOODHOME ราวตากผ้าA-9มีล้อ ตากผ้าเปียก ชั้นล่างเป็นตะกร้า รุ่นข.ขวด✅มี5สีให้เลือก✅,P00032,A-9 (เก้า) น้ำเงิน,ราว A9 สีน้ำเงิน,,
GOODHOME ราวตากผ้าA-9มีล้อ ตากผ้าเปียก ชั้นล่างเป็นตะกร้า รุ่นข.ขวด✅มี5สีให้เลือก✅,P00033,A-9 (เก้า) ฟ้า,ราว A9 สีฟ้า,,
GOODHOME โต๊ะลานเบียร์ โต๊ะพับเหล็กสี่เหลี่ยมจัตุรัส 71x71ซม. ขากลมหนา แข็งแรงมาก ขาแน่นหนึบ ไม่โยกเยก ✅มี5สีให้เลือก✅,P00155,โต๊ะ71x71ซม.สีขาว,โต๊ะ โค้ก สีขาว,,
GOODHOME โต๊ะลานเบียร์ โต๊ะพับเหล็กสี่เหลี่ยมจัตุรัส 71x71ซม. ขากลมหนา แข็งแรงมาก ขาแน่นหนึบ ไม่โยกเยก ✅มี5สีให้เลือก✅,P00156,โต๊ะ71x71ซม.สีดำ,โต๊ะ โค้ก สีดำ,,
GOODHOME โต๊ะลานเบียร์ โต๊ะพับเหล็กสี่เหลี่ยมจัตุรัส 71x71ซม. ขากลมหนา แข็งแรงมาก ขาแน่นหนึบ ไม่โยกเยก ✅มี5สีให้เลือก✅,P00157,สีเมทัลลิค Metallic,โต๊ะ โค้ก สีระเบิด,,
GOODHOME โต๊ะลานเบียร์ โต๊ะพับเหล็กสี่เหลี่ยมจัตุรัส 71x71ซม. ขากลมหนา แข็งแรงมาก ขาแน่นหนึบ ไม่โยกเยก ✅มี5สีให้เลือก✅,P00158,โต๊ะ71x71ซม.สีแดง,โต๊ะ โค้ก สีแดง,,
GOODHOME โต๊ะลานเบียร์ โต๊ะพับเหล็กสี่เหลี่ยมจัตุรัส 71x71ซม. ขากลมหนา แข็งแรงมาก ขาแน่นหนึบ ไม่โยกเยก ✅มี5สีให้เลือก✅,P00172,โต๊ะ71x71ซม.สีเหลือง,โต๊ะ โค้ก สีเหลือง,,
GOODHOME โต๊ะลานเบียร์ โต๊ะพับเหล็กสี่เหลี่ยมจัตุรัส 71x71ซม. ขากลมหนา แข็งแรงมาก ขาแน่นหนึบ ไม่โยกเยก ✅มี5สีให้เลือก✅,P00159,โต๊ะ71x71ซม.สีน้ำเงน,โต๊ะ โค้ก สีน้ำเงิน,,
"GOODHOME โต๊ะญี่ปุ่นอเนกประสงค์ ขนาด 50x75 ซม. หน้าสี่เหลี่ยมผืนผ้า ใช้สำหรับทำการบ้าน,กินข้าว,ทำงาน ✅มี7สีให้เลือก✅",P00088,50x75 Classic Black,โต๊ะญึ่ปุ่น 20x30นิ้ว ลายยีนส์,,
"GOODHOME โต๊ะญี่ปุ่นอเนกประสงค์ ขนาด 50x75 ซม. หน้าสี่เหลี่ยมผืนผ้า ใช้สำหรับทำการบ้าน,กินข้าว,ทำงาน ✅มี7สีให้เลือก✅",P00087,50x75 เมเปิ้ล,โต๊ะญึ่ปุ่น 20x30นิ้ว ลายเมเปิ้ล,,
"GOODHOME โต๊ะญี่ปุ่นอเนกประสงค์ ขนาด 50x75 ซม. หน้าสี่เหลี่ยมผืนผ้า ใช้สำหรับทำการบ้าน,กินข้าว,ทำงาน ✅มี7สีให้เลือก✅",P00085,50x75 หินอ่อนขาว,โต๊ะญึ่ปุ่น 20x30นิ้ว ลายหินขาว,,
"GOODHOME โต๊ะญี่ปุ่นอเนกประสงค์ ขนาด 50x75 ซม. หน้าสี่เหลี่ยมผืนผ้า ใช้สำหรับทำการบ้าน,กินข้าว,ทำงาน ✅มี7สีให้เลือก✅",P00086,50x75 หินอ่อนดำ,โต๊ะญึ่ปุ่น 20x30นิ้ว ลายหินดำ,,
GOODHOME รถเข็นบาร์เหล้าเหล็ก2ชั้น มีแผ่นเหล็กวางขวดน้ำ2ช่อง รถเข็นบาร์วางน้ำ บาร์เหล้า บาร์วางน้ำ ชั้นบาร์เหล้า,P00200,บาร์ มี แผ่น ดำ,บาร์ มีแผ่นวาง สีดำ,,
GOODHOME รถเข็นบาร์เหล้าเหล็ก2ชั้น มีแผ่นเหล็กวางขวดน้ำ2ช่อง รถเข็นบาร์วางน้ำ บาร์เหล้า บาร์วางน้ำ ชั้นบาร์เหล้า,P00198,บาร์ มี แผ่น สีแดง,บาร์ มีแผ่นวาง สีแดง,,
GOODHOME รถเข็นบาร์เหล้าเหล็ก2ชั้น มีแผ่นเหล็กวางขวดน้ำ2ช่อง รถเข็นบาร์วางน้ำ บาร์เหล้า บาร์วางน้ำ ชั้นบาร์เหล้า,P00256,1แผ่นวางขวด ขาว,เฉพาะ แผ่นวางขวด สีขาว,,
GOODHOME รถเข็นบาร์เหล้าเหล็ก2ชั้น มีแผ่นเหล็กวางขวดน้ำ2ช่อง รถเข็นบาร์วางน้ำ บาร์เหล้า บาร์วางน้ำ ชั้นบาร์เหล้า,P00254,1แผ่นวางขวด ดำ,เฉพาะ แผ่นวางขวด สีดำ,,
GOODHOME รถเข็นบาร์เหล้าเหล็ก2ชั้น มีแผ่นเหล็กวางขวดน้ำ2ช่อง รถเข็นบาร์วางน้ำ บาร์เหล้า บาร์วางน้ำ ชั้นบาร์เหล้า,P00248,บาร์ไม่มีแผ่นน้ำเงิน,บาร์ ไม่วาง สีน้ำเงิน,,
GOODHOME รถเข็นบาร์เหล้าเหล็ก2ชั้น มีแผ่นเหล็กวางขวดน้ำ2ช่อง รถเข็นบาร์วางน้ำ บาร์เหล้า บาร์วางน้ำ ชั้นบาร์เหล้า,P00199,บาร์ มี แผ่น น้ำเงิน,บาร์ มีแผ่นวาง สีน้ำเงิน,,
GOODHOME รถเข็นบาร์เหล้าเหล็ก2ชั้น มีแผ่นเหล็กวางขวดน้ำ2ช่อง รถเข็นบาร์วางน้ำ บาร์เหล้า บาร์วางน้ำ ชั้นบาร์เหล้า,P00201,บาร์ มีแผ่น สี ขาว,บาร์ มีแผ่นวาง สีขาว,,
GOODHOME รถเข็นบาร์เหล้าเหล็ก2ชั้น มีแผ่นเหล็กวางขวดน้ำ2ช่อง รถเข็นบาร์วางน้ำ บาร์เหล้า บาร์วางน้ำ ชั้นบาร์เหล้า,P00252,1แผ่นวางขวด แดง,เฉพาะ แผ่นวางขวด สีแดง,,
GOODHOME รถเข็นบาร์เหล้าเหล็ก2ชั้น มีแผ่นเหล็กวางขวดน้ำ2ช่อง รถเข็นบาร์วางน้ำ บาร์เหล้า บาร์วางน้ำ ชั้นบาร์เหล้า,P00251,บาร์ไม่มีแผ่น สี ขาว,บาร์ ไม่วาง สีขาว,,
GOODHOME รถเข็นบาร์เหล้าเหล็ก2ชั้น มีแผ่นเหล็กวางขวดน้ำ2ช่อง รถเข็นบาร์วางน้ำ บาร์เหล้า บาร์วางน้ำ ชั้นบาร์เหล้า,P00197,บาร์ มี แผ่นเมทัลลิค,บาร์ มีแผ่นวาง สีระเบิด,,
GOODHOME รถเข็นบาร์เหล้าเหล็ก2ชั้น มีแผ่นเหล็กวางขวดน้ำ2ช่อง รถเข็นบาร์วางน้ำ บาร์เหล้า บาร์วางน้ำ ชั้นบาร์เหล้า,P00250,บาร์ไม่แผ่น เมทัลลิค,บาร์ ไม่วาง สีระเบิด,,
GOODHOME รถเข็นบาร์เหล้าเหล็ก2ชั้น มีแผ่นเหล็กวางขวดน้ำ2ช่อง รถเข็นบาร์วางน้ำ บาร์เหล้า บาร์วางน้ำ ชั้นบาร์เหล้า,P00249,บาร์ไม่มีแผ่น สีดำ,บาร์ ไม่วาง สีดำ,,
GOODHOME รถเข็นบาร์เหล้าเหล็ก2ชั้น มีแผ่นเหล็กวางขวดน้ำ2ช่อง รถเข็นบาร์วางน้ำ บาร์เหล้า บาร์วางน้ำ ชั้นบาร์เหล้า,P00255,1แผ่นวางขวด เมทัลลิค,เฉพาะ แผ่นวางขวด สีระเบิด,,
GOODHOME รถเข็นบาร์เหล้าเหล็ก2ชั้น มีแผ่นเหล็กวางขวดน้ำ2ช่อง รถเข็นบาร์วางน้ำ บาร์เหล้า บาร์วางน้ำ ชั้นบาร์เหล้า,P00247,บาร์ไม่มีแผ่น สีแดง,บาร์ ไม่วาง สีแดง,,
GOODHOME รถเข็นบาร์เหล้าเหล็ก2ชั้น มีแผ่นเหล็กวางขวดน้ำ2ช่อง รถเข็นบาร์วางน้ำ บาร์เหล้า บาร์วางน้ำ ชั้นบาร์เหล้า,P00253,1แผ่นวางขวด น้ำเงิน,เฉพาะ แผ่นวางขวด สีน้ำเงิน,,
"GOODHOME ชั้นวางของพลาสติกอเนกประสงค์ 3ชั้น สีเงิน ขนาด30x40x53ซม. สำหรับใช้ในห้องครัว,ห้องน้ำ,วางขวดซอสได้ ทนฝนทนแดด",,3ชั้นพลาสติก สีเงิน,3ชั้น เงิน,,
ตู้ลิ้นชักพลาสติกลาย Doraemon ตู้ลิ้นชักข้างทึบกันแมลง พลาสติกเกรด A ตู้ลิ้นชักเก็บเสื้อผ้า ตู้ลิ้นชัก กล่องลิ้นชัก,,ข้างทึบ ของวิเศษฟ้า,4ชั้น โดเรม่อน A58 สีฟ้า,,
ตู้ลิ้นชักพลาสติกลาย Doraemon ตู้ลิ้นชักข้างทึบกันแมลง พลาสติกเกรด A ตู้ลิ้นชักเก็บเสื้อผ้า ตู้ลิ้นชัก กล่องลิ้นชัก,,ข้างทึบ ของวิเศษครีม,4ชั้น โดเรม่อน A58 สีส้ม,,
ตู้ลิ้นชักพลาสติกลาย Doraemon ตู้ลิ้นชักข้างทึบกันแมลง พลาสติกเกรด A ตู้ลิ้นชักเก็บเสื้อผ้า ตู้ลิ้นชัก กล่องลิ้นชัก,P00276,ข้างทึบ โดรายากิ,4ชั้น โดเรม่อน A58 สีเทา,,
ตู้ลิ้นชักพลาสติกลาย Doraemon ตู้ลิ้นชักข้างทึบกันแมลง พลาสติกเกรด A ตู้ลิ้นชักเก็บเสื้อผ้า ตู้ลิ้นชัก กล่องลิ้นชัก,,ข้างทึบ พิ้งค์ซากุระ,4ชั้น โดเรม่อน A58 สีชมพู,,
GOODHOME ราวตากผ้ามีล้อ แบบจัมโบ้ แขวนเสื้อผ้าเปียก แบบ2ชั้น✅มี5สีให้เลือก✅,P00023,ราวจัมโบ้ ฟ้า,ราวจัมโบ้ สีฟ้า,,
GOODHOME ราวตากผ้ามีล้อ แบบจัมโบ้ แขวนเสื้อผ้าเปียก แบบ2ชั้น✅มี5สีให้เลือก✅,P00019,ราวจัมโบ้ เขียว,ราวจัมโบ้ สีเขียว,,
GOODHOME ราวตากผ้ามีล้อ แบบจัมโบ้ แขวนเสื้อผ้าเปียก แบบ2ชั้น✅มี5สีให้เลือก✅,P00020,ราวจัมโบ้ ชมพู,ราวจัมโบ้ สีชมพู,,
GOODHOME ราวตากผ้ามีล้อ แบบจัมโบ้ แขวนเสื้อผ้าเปียก แบบ2ชั้น✅มี5สีให้เลือก✅,P00022,ราวจัมโบ้ น้ำเงิน,ราวจัมโบ้ สีน้ำเงิน,,
GOODHOME ราวตากผ้ามีล้อ แบบจัมโบ้ แขวนเสื้อผ้าเปียก แบบ2ชั้น✅มี5สีให้เลือก✅,P00021,ราวจัมโบ้ แดง,ราวจัมโบ้ สีแดง,,
GOODHOME โต๊ะประชุมอเนกประสงค์พับได้ ขนาด 60x150 ซม. ✅มี2แบบ✅หน้าไม้ตัน📌และหน้าหล็ก เหมาะใช้สำหรับประชุมงานในสำนักง,P00122,"60*1.5 ไม้, KP",โต๊ะประชุม 60x150 ขาว,,
GOODHOME โต๊ะประชุมอเนกประสงค์พับได้ ขนาด 60x150 ซม. ✅มี2แบบ✅หน้าไม้ตัน📌และหน้าหล็ก เหมาะใช้สำหรับประชุมงานในสำนักง,,"60*1.5 เหล็ก, NF",NF668,,
GOODHOME เก้าอี้พลาสติกเกรดAมีหลังพิง แผ่นหลังใหญ่ มียางกันลื่น สีสดใส คุณภาพดี หนาและเหนียว มีความทนทาน แข็งแรง,P00074,"หลังพิงชิค , สีแดง",พิง A สีแดง,,
GOODHOME เก้าอี้พลาสติกเกรดAมีหลังพิง แผ่นหลังใหญ่ มียางกันลื่น สีสดใส คุณภาพดี หนาและเหนียว มีความทนทาน แข็งแรง,P00075,"หลังพิงชิค , น้ำเงิน",พิง A สีน้ำเงิน,,
GOODHOME เก้าอี้พลาสติกเกรดAมีหลังพิง แผ่นหลังใหญ่ มียางกันลื่น สีสดใส คุณภาพดี หนาและเหนียว มีความทนทาน แข็งแรง,P00078,"หลังพิงชิค , สีชมพู",พิง A สีชมพู,,
GOODHOME เก้าอี้พลาสติกเกรดAมีหลังพิง แผ่นหลังใหญ่ มียางกันลื่น สีสดใส คุณภาพดี หนาและเหนียว มีความทนทาน แข็งแรง,P00076,"หลังพิงชิค , สีเขียว",พิง A สีเขียว,,
GOODHOME เก้าอี้พลาสติกเกรดAมีหลังพิง แผ่นหลังใหญ่ มียางกันลื่น สีสดใส คุณภาพดี หนาและเหนียว มีความทนทาน แข็งแรง,P00077,"หลังพิงชิค , สีฟ้า",พิง A สีฟ้า,,
GOODHOME เก้าอี้พลาสติกเกรดAมีหลังพิง แผ่นหลังใหญ่ มียางกันลื่น สีสดใส คุณภาพดี หนาและเหนียว มีความทนทาน แข็งแรง,P00297,"หลังพิงชิค , สีขาว",พิง A สีขาว,,
ชุดโต๊ะพร้อมเก้าอี้2ตัว เด็กนักเรียนภาษาอังกฤษไทยและตัวเลขKid Chair Family Set(1+2) โต๊ะ1+เก้าอี้ทำการบ้าน2,,"Family set , ชมพู","ชุด Family set , ชมพู",,
ชุดโต๊ะพร้อมเก้าอี้2ตัว เด็กนักเรียนภาษาอังกฤษไทยและตัวเลขKid Chair Family Set(1+2) โต๊ะ1+เก้าอี้ทำการบ้าน2,,"Family set , ฟ้า","ชุด Family set , ฟ้า",,
ชุดโต๊ะพร้อมเก้าอี้2ตัว เด็กนักเรียนภาษาอังกฤษไทยและตัวเลขKid Chair Family Set(1+2) โต๊ะ1+เก้าอี้ทำการบ้าน2,,"Family set , เขียว","ชุด Family set , เขียว",,
GOODHOME ราวตากผ้า T Minimal ตัวทีเหล็ก(T) 5เส้น แบบตากผ้าเช็ดตัว ✅มีสีขาวมินิมอล✅ ✅มี3สีให้เลือก✅,P00263,T น้ำเงิน minimal,ราว T สีน้ำเงิน,,
GOODHOME ราวตากผ้า T Minimal ตัวทีเหล็ก(T) 5เส้น แบบตากผ้าเช็ดตัว ✅มีสีขาวมินิมอล✅ ✅มี3สีให้เลือก✅,P00264,T แดง minimal,ราว T สีแดง,,
GOODHOME ราวตากผ้า T Minimal ตัวทีเหล็ก(T) 5เส้น แบบตากผ้าเช็ดตัว ✅มีสีขาวมินิมอล✅ ✅มี3สีให้เลือก✅,P00265,T สีขาว minimal,ราว T สีขาว,,
GOODHOME เก้าอี้พลาสติกลายหวายตัวเตี้ย เก้าอี้ซักผ้า เก้าอี้แม่บ้าน ความสูง25 ซม. ✅มี3สีให้เลือก สีสดเข้มชัดทุกสี✅,P00107,ม่วงมังคุด Purple,หวาย เตี้ย สีม่วง,,
GOODHOME เก้าอี้พลาสติกลายหวายตัวเตี้ย เก้าอี้ซักผ้า เก้าอี้แม่บ้าน ความสูง25 ซม. ✅มี3สีให้เลือก สีสดเข้มชัดทุกสี✅,P00105,น้ำตาล Brown,หวาย เตี้ย สีน้ำตาล,,
GOODHOME เก้าอี้พลาสติกลายหวายตัวเตี้ย เก้าอี้ซักผ้า เก้าอี้แม่บ้าน ความสูง25 ซม. ✅มี3สีให้เลือก สีสดเข้มชัดทุกสี✅,P00108,ครีม Cream Minimal,หวาย เตี้ย สีครีม,,
GOODHOME เก้าอี้พลาสติกเกรดB พนักพิงหลัง มียางกันลื่น สะดวกประหยัดพื้นที่การใช้งาน✅มี2สีให้เลือก✅,,"หลังพิงB , สีส้ม",พิง B สีส้ม,,
GOODHOME เก้าอี้พลาสติกเกรดB พนักพิงหลัง มียางกันลื่น สะดวกประหยัดพื้นที่การใช้งาน✅มี2สีให้เลือก✅,P00180,"หลังพิงB , สีแดง",พิง B สีแดง,,
GOODHOME เก้าอี้พลาสติกเกรดB พนักพิงหลัง มียางกันลื่น สะดวกประหยัดพื้นที่การใช้งาน✅มี2สีให้เลือก✅,P00181,"หลังพิงB , สีน้ำเงิน",พิง B สีน้ำเงิน,,
GOODHOME เก้าอี้พลาสติกเกรดB พนักพิงหลัง มียางกันลื่น สะดวกประหยัดพื้นที่การใช้งาน✅มี2สีให้เลือก✅,,"หลังพิงB , สีเขียว",พิง B สีเขียว,,
ตู้ลิ้นชักพลาสติก เกรดA ขนาด4ชั้น รุ่น 2เล็ก 2ใหญ่ ลิ้นชักเอนกประสงค์ ตู้ลิ้นชักเก็บของ ตู้ลิ้นชักใส่ของ✅มี7ลายให้เลือก✅,,2/2 จักรสาน,ตู้2เล็ก2ใหญ่ ลายไม้,,
ตู้ลิ้นชักพลาสติก เกรดA ขนาด4ชั้น รุ่น 2เล็ก 2ใหญ่ ลิ้นชักเอนกประสงค์ ตู้ลิ้นชักเก็บของ ตู้ลิ้นชักใส่ของ✅มี7ลายให้เลือก✅,,2/2 หมีหัวใจ,ตู้2เล็ก2ใหญ่ หมีหัวใจ,,
ตู้ลิ้นชักพลาสติก เกรดA ขนาด4ชั้น รุ่น 2เล็ก 2ใหญ่ ลิ้นชักเอนกประสงค์ ตู้ลิ้นชักเก็บของ ตู้ลิ้นชักใส่ของ✅มี7ลายให้เลือก✅,,2/2 ฟ้าหัวใจ,ตู้2เล็ก2ใหญ่ ฟ้าหัวใจ,,
ตู้ลิ้นชักพลาสติก เกรดA ขนาด4ชั้น รุ่น 2เล็ก 2ใหญ่ ลิ้นชักเอนกประสงค์ ตู้ลิ้นชักเก็บของ ตู้ลิ้นชักใส่ของ✅มี7ลายให้เลือก✅,,2/2 ชมพูหัวใจ,ตู้2เล็ก2ใหญ่ ชมพูหัวใจ,,
ตู้ลิ้นชักพลาสติก เกรดA ขนาด4ชั้น รุ่น 2เล็ก 2ใหญ่ ลิ้นชักเอนกประสงค์ ตู้ลิ้นชักเก็บของ ตู้ลิ้นชักใส่ของ✅มี7ลายให้เลือก✅,,2/2 ส้มบ้าน,ตู้2เล็ก2ใหญ่ ส้มบ้าน,,
ตู้ลิ้นชักพลาสติก เกรดA ขนาด4ชั้น รุ่น 2เล็ก 2ใหญ่ ลิ้นชักเอนกประสงค์ ตู้ลิ้นชักเก็บของ ตู้ลิ้นชักใส่ของ✅มี7ลายให้เลือก✅,,2/2 หมีฟ้า,ตู้2เล็ก2ใหญ่ หมีฟ้า,,
ตู้ลิ้นชักพลาสติก เกรดA ขนาด4ชั้น รุ่น 2เล็ก 2ใหญ่ ลิ้นชักเอนกประสงค์ ตู้ลิ้นชักเก็บของ ตู้ลิ้นชักใส่ของ✅มี7ลายให้เลือก✅,,2/2 กระต่ายชมพู,ตู้2เล็ก2ใหญ่ กระต่ายชมพู,,
GOODHOME เข่งพลาสติก ✅ขนาดใหญ่พิเศษ✅ เบอร์2 No.2 กว้าง58ซม. สูง46ซม. หูเหลี่ยม ขนาดใหญ่อย่างหนา ตะกร้าพลาสติก,P00206,เข่ง เบอร์ 2 สีดำ,เข่ง no.2 สีดำ,,
GOODHOME เข่งพลาสติก ✅ขนาดใหญ่พิเศษ✅ เบอร์2 No.2 กว้าง58ซม. สูง46ซม. หูเหลี่ยม ขนาดใหญ่อย่างหนา ตะกร้าพลาสติก,P00209,เข่ง เบอร์ 2 คละสี,เข่ง no.2 สี,,
ตู้ลิ้นชักพลาสติกโดเรม่อน ขนาด3ชั้น รุ่น 2ชั้นเล็ก1ชั้นใหญ่ ลิ้นชักเอนกประสงค์ ลายลิขสิทธิ์แท้100%จากDoraemon,,2/1 ลายบลูบรัช,ตู้2เล็ก1ใหญ่ โดเรม่อน ลายบลูบรัช,,
ตู้ลิ้นชักพลาสติกโดเรม่อน ขนาด3ชั้น รุ่น 2ชั้นเล็ก1ชั้นใหญ่ ลิ้นชักเอนกประสงค์ ลายลิขสิทธิ์แท้100%จากDoraemon,,2/1 ลายเมจิก(ดาว),ตู้2เล็ก1ใหญ่ โดเรม่อน ลายเมจิก ดาว,,
ตู้ลิ้นชักพลาสติกโดเรม่อน ขนาด3ชั้น รุ่น 2ชั้นเล็ก1ชั้นใหญ่ ลิ้นชักเอนกประสงค์ ลายลิขสิทธิ์แท้100%จากDoraemon,,2/1 ลายโดรายากิ,ตู้2เล็ก1ใหญ่ โดเรม่อน ลายโดรายากิ,,
ตู้ลิ้นชักพลาสติกโดเรม่อน ขนาด3ชั้น รุ่น 2ชั้นเล็ก1ชั้นใหญ่ ลิ้นชักเอนกประสงค์ ลายลิขสิทธิ์แท้100%จากDoraemon,,2/1 ลายครีมซากุระ,ตู้2เล็ก1ใหญ่ โดเรม่อน ลายครีมซากุระ,,
ตู้ลิ้นชักพลาสติกโดเรม่อน ขนาด3ชั้น รุ่น 2ชั้นเล็ก1ชั้นใหญ่ ลิ้นชักเอนกประสงค์ ลายลิขสิทธิ์แท้100%จากDoraemon,,2/1 ลายพิ้งค์ซากุระ,ตู้2เล็ก1ใหญ่ โดเรม่อน ลายพิงค์ซากุระ,,
ตู้ลิ้นชักพลาสติกโดเรม่อน ขนาด3ชั้น รุ่น 2ชั้นเล็ก1ชั้นใหญ่ ลิ้นชักเอนกประสงค์ ลายลิขสิทธิ์แท้100%จากDoraemon,,2/1 ลายของวิเศษ,ตู้2เล็ก1ใหญ่ โดเรม่อน ลายของวิเศษ,,
GOODHOME โต๊ะสนามกลางแจ้ง โต๊ะกลางแฟนซีสีพื้นไม่มีลายและลายกขค ขนาด 63.5x57x47ซม.โต๊ะทำการบ้าน✅มี 4 สีให้เลือก✅,P00046,โต๊ะกลาง ไม่ลาย ชมพู,โต๊ะกลาง ไม่ลาย ชมพู,,
GOODHOME โต๊ะสนามกลางแจ้ง โต๊ะกลางแฟนซีสีพื้นไม่มีลายและลายกขค ขนาด 63.5x57x47ซม.โต๊ะทำการบ้าน✅มี 4 สีให้เลือก✅,P00045,โต๊ะกลาง ไม่ลายเขียว,โต๊ะกลาง ไม่ลายเขียว,,
GOODHOME โต๊ะสนามกลางแจ้ง โต๊ะกลางแฟนซีสีพื้นไม่มีลายและลายกขค ขนาด 63.5x57x47ซม.โต๊ะทำการบ้าน✅มี 4 สีให้เลือก✅,โต๊ะกลาง กขค ขาว,โต๊ะกลาง กขค ขาว,โต๊ะกลาง ลาย กขค ขาว,,
GOODHOME โต๊ะสนามกลางแจ้ง โต๊ะกลางแฟนซีสีพื้นไม่มีลายและลายกขค ขนาด 63.5x57x47ซม.โต๊ะทำการบ้าน✅มี 4 สีให้เลือก✅,P00049,โต๊ะกลาง กขค เขียว,โต๊ะกลาง ลาย กขค เขียว,,
GOODHOME โต๊ะสนามกลางแจ้ง โต๊ะกลางแฟนซีสีพื้นไม่มีลายและลายกขค ขนาด 63.5x57x47ซม.โต๊ะทำการบ้าน✅มี 4 สีให้เลือก✅,P00047,โต๊ะกลาง ไม่ลาย ขาว,โต๊ะกลาง ไม่ลาย ขาว,,
GOODHOME โต๊ะสนามกลางแจ้ง โต๊ะกลางแฟนซีสีพื้นไม่มีลายและลายกขค ขนาด 63.5x57x47ซม.โต๊ะทำการบ้าน✅มี 4 สีให้เลือก✅,P00050,โต๊ะกลาง กขค ชมพู,โต๊ะกลาง ลาย กขค ชมพู,,
GOODHOME โต๊ะสนามกลางแจ้ง โต๊ะกลางแฟนซีสีพื้นไม่มีลายและลายกขค ขนาด 63.5x57x47ซม.โต๊ะทำการบ้าน✅มี 4 สีให้เลือก✅,P00048,โต๊ะกลาง กขค ฟ้า,โต๊ะกลาง ลาย กขค ฟ้า,,
GOODHOME โต๊ะสนามกลางแจ้ง โต๊ะกลางแฟนซีสีพื้นไม่มีลายและลายกขค ขนาด 63.5x57x47ซม.โต๊ะทำการบ้าน✅มี 4 สีให้เลือก✅,P00044,โต๊ะกลาง ไม่ลาย ฟ้า,โต๊ะกลาง ไม่ลาย ฟ้า,,
GOODHOME เก้าอี้พลาสติกลายหวายทรงสูง สูง 45 ซม. เก้าอี้พลาสติกสีมินิมอล เหมาะกับร้านคาเฟ่ ร้านอาหาร✅มี4สีให้เลือก✅,P00101,น้ำตาลชอคโกแลต Brown,เก้าอี้ หวายสูง สีน้ำตาล,,
GOODHOME เก้าอี้พลาสติกลายหวายทรงสูง สูง 45 ซม. เก้าอี้พลาสติกสีมินิมอล เหมาะกับร้านคาเฟ่ ร้านอาหาร✅มี4สีให้เลือก✅,,สีเงิน Silver,เก้าอี้ หวายสูง สีเงิน,,
GOODHOME เก้าอี้พลาสติกลายหวายทรงสูง สูง 45 ซม. เก้าอี้พลาสติกสีมินิมอล เหมาะกับร้านคาเฟ่ ร้านอาหาร✅มี4สีให้เลือก✅,,สีเทาขาว White grey,เก้าอี้ หวายสูง สีเทาขาว,,
GOODHOME เก้าอี้พลาสติกลายหวายทรงสูง สูง 45 ซม. เก้าอี้พลาสติกสีมินิมอล เหมาะกับร้านคาเฟ่ ร้านอาหาร✅มี4สีให้เลือก✅,P00104,ครีม Cream Minimal,เก้าอี้ หวายสูง สีครีม,,
GOODHOME เก้าอี้พลาสติกลายหวายทรงสูง สูง 45 ซม. เก้าอี้พลาสติกสีมินิมอล เหมาะกับร้านคาเฟ่ ร้านอาหาร✅มี4สีให้เลือก✅,P00102,ดำ Black,เก้าอี้ หวายสูง สีดำ,,
GOODHOME เก้าอี้พลาสติกลายหวายทรงสูง สูง 45 ซม. เก้าอี้พลาสติกสีมินิมอล เหมาะกับร้านคาเฟ่ ร้านอาหาร✅มี4สีให้เลือก✅,P00103,ม่วงมังคุด Purple,เก้าอี้ หวายสูง สีม่วง,,
GOODHOME เข่งพลาสติก ✅ขนาดใหญ่พิเศษ✅ เบอร์3 No.3 กว้าง52ซม. สูง41ซม. หูเหลี่ยม ขนาดใหญ่อย่างหนา ตะกร้าพลาสติก,P00142,เข่ง เบอร์ 3 คละสี,เข่ง No.3 สี,,
GOODHOME เข่งพลาสติก ✅ขนาดใหญ่พิเศษ✅ เบอร์3 No.3 กว้าง52ซม. สูง41ซม. หูเหลี่ยม ขนาดใหญ่อย่างหนา ตะกร้าพลาสติก,P00141,เข่ง เบอร์ 3 สีดำ,เข่ง No.3 ดำ,,
GOODHOME เก้าอี้พลาสติก4ขา หน้ากลมลายหวายสีสด ขาสีขาว พลาสติกเกรดA สูง45ซม. ✅มี4สีให้เลือก สีสดทุกสี✅,P00110,เขียว Green,เก้าอี้ no.999 เขียว,,
GOODHOME เก้าอี้พลาสติก4ขา หน้ากลมลายหวายสีสด ขาสีขาว พลาสติกเกรดA สูง45ซม. ✅มี4สีให้เลือก สีสดทุกสี✅,P00111,น้ำเงิน Navy,เก้าอี้ no.999 น้ำเงิน,,
GOODHOME เก้าอี้พลาสติก4ขา หน้ากลมลายหวายสีสด ขาสีขาว พลาสติกเกรดA สูง45ซม. ✅มี4สีให้เลือก สีสดทุกสี✅,P00109,ฟ้า Blue,เก้าอี้ no.999 ฟ้า,,
GOODHOME เก้าอี้พลาสติก4ขา หน้ากลมลายหวายสีสด ขาสีขาว พลาสติกเกรดA สูง45ซม. ✅มี4สีให้เลือก สีสดทุกสี✅,P00112,แดง Red,เก้าอี้ no.999 แดง,,
GOODHOMEเก้าอี้เลคเชอร์พับเก็บได้ทั้งเบาะนั่งและที่เลคเชอร์ ช่วยให้ประหยัดพื้นที่ เหมาะในการใช้งาน ✅คุณภาพแข็งแรง ทนทาน✅,P00184,"เลคเชอร์ ,น้ำเงิน","เก้าอี้เลคเชอร์ ,น้ำเงิน",,
GOODHOMEเก้าอี้เลคเชอร์พับเก็บได้ทั้งเบาะนั่งและที่เลคเชอร์ ช่วยให้ประหยัดพื้นที่ เหมาะในการใช้งาน ✅คุณภาพแข็งแรง ทนทาน✅,P00185,"เลคเชอร์ ,ดำ","เก้าอี้เลคเชอร์ ,ดำ",,
GOODHOMEเก้าอี้เลคเชอร์พับเก็บได้ทั้งเบาะนั่งและที่เลคเชอร์ ช่วยให้ประหยัดพื้นที่ เหมาะในการใช้งาน ✅คุณภาพแข็งแรง ทนทาน✅,P00183,"เลคเชอร์ ,แดง","เก้าอี้เลคเชอร์ ,แดง",,
GOODHOME โต๊ะประชุมอเนกประสงค์พับได้ ขนาด75x120x75 ซม.โต๊ะหน้าไม้ หน้าสีขาว เหมาะใช้สำหรับประชุมงานในสำนักงาน จัดปาตี้,,75x120,ประชุม 75x120,,
GOODHOME ราวตากผ้าเหล็ก ราวเดี่ยว ปรับระดับขึ้นลงได้ ยาว1เมตร อบสีขาว-สีเงินชุบโครเมี่ยม-สีเมทัลลิค ✅มี3สีให้เลือก✅,P00125,สีขาว White,เดี่ยว1ม. สีขาว,,
GOODHOME ราวตากผ้าเหล็ก ราวเดี่ยว ปรับระดับขึ้นลงได้ ยาว1เมตร อบสีขาว-สีเงินชุบโครเมี่ยม-สีเมทัลลิค ✅มี3สีให้เลือก✅,P00213,ชุปเงิน,เดี่ยว1ม. สีชุปเงิน,,
GOODHOME ราวตากผ้าเหล็ก ราวเดี่ยว ปรับระดับขึ้นลงได้ ยาว1เมตร อบสีขาว-สีเงินชุบโครเมี่ยม-สีเมทัลลิค ✅มี3สีให้เลือก✅,P00214,เดี่ยวระเบิด Metalic,เดี่ยว1ม. สีระเบิด,,
GOODHOME โต๊ะพับเด็ก กข ขอบเหล็ก ชุดเก้าอี้และโต๊ะเด็ก ให้เด็กเขียนหนังสือ อ่านหนังสือ ทำการบ้าน ทานอาหาร,P00290,"โต๊ะพับกข,ขาว","โต๊ะพับกข,ขาว",,
GOODHOME โต๊ะพับเด็ก กข ขอบเหล็ก ชุดเก้าอี้และโต๊ะเด็ก ให้เด็กเขียนหนังสือ อ่านหนังสือ ทำการบ้าน ทานอาหาร,P00174,"โต๊ะพับกข,น้ำเงิน","โต๊ะพับกข,น้ำเงิน",,
GOODHOME โต๊ะพับเด็ก กข ขอบเหล็ก ชุดเก้าอี้และโต๊ะเด็ก ให้เด็กเขียนหนังสือ อ่านหนังสือ ทำการบ้าน ทานอาหาร,P00261,"โต๊ะพับกข+เบาะเด็ก,น้ำเงิน","โต๊ะพับกข+เบาะเด็ก,น้ำเงิน",,
GOODHOME โต๊ะพับเด็ก กข ขอบเหล็ก ชุดเก้าอี้และโต๊ะเด็ก ให้เด็กเขียนหนังสือ อ่านหนังสือ ทำการบ้าน ทานอาหาร,P00194,"เก้าอี้เบาะเด็ก,แดง","เก้าอี้เบาะเด็ก,แดง",,
GOODHOME โต๊ะพับเด็ก กข ขอบเหล็ก ชุดเก้าอี้และโต๊ะเด็ก ให้เด็กเขียนหนังสือ อ่านหนังสือ ทำการบ้าน ทานอาหาร,P00173,"โต๊ะพับกข,แดง","โต๊ะพับกข,แดง",,
GOODHOME โต๊ะพับเด็ก กข ขอบเหล็ก ชุดเก้าอี้และโต๊ะเด็ก ให้เด็กเขียนหนังสือ อ่านหนังสือ ทำการบ้าน ทานอาหาร,,"เก้าอี้เบาะเด็ก,ขาว","เก้าอี้เบาะเด็ก,ขาว",,
GOODHOME โต๊ะพับเด็ก กข ขอบเหล็ก ชุดเก้าอี้และโต๊ะเด็ก ให้เด็กเขียนหนังสือ อ่านหนังสือ ทำการบ้าน ทานอาหาร,,"โต๊ะพับกข+เบาะเด็ก,ขาว","โต๊ะพับกข+เบาะเด็ก,ขาว",,
GOODHOME โต๊ะพับเด็ก กข ขอบเหล็ก ชุดเก้าอี้และโต๊ะเด็ก ให้เด็กเขียนหนังสือ อ่านหนังสือ ทำการบ้าน ทานอาหาร,P00260,"โต๊ะพับกข+เบาะเด็ก,แดง","โต๊ะพับกข+เบาะเด็ก,แดง",,
GOODHOME โต๊ะพับเด็ก กข ขอบเหล็ก ชุดเก้าอี้และโต๊ะเด็ก ให้เด็กเขียนหนังสือ อ่านหนังสือ ทำการบ้าน ทานอาหาร,P00193,"เก้าอี้เบาะเด็ก,น้ำเงิน","เก้าอี้เบาะเด็ก,น้ำเงิน",,
"ชั้นวางของอเนกประสงค์ สี3ช่องcolorbox รุ่นใหญ่‼️ขนาด42x29x87ซม.✅ไม้หนากว่า,ตัวใหญ่กว่า,ตัวสูงกว่าร้านอื่น✅",,COLORBOX หินอ่อนดำ,ตู้3colorbox หินดำ,,
"ชั้นวางของอเนกประสงค์ สี3ช่องcolorbox รุ่นใหญ่‼️ขนาด42x29x87ซม.✅ไม้หนากว่า,ตัวใหญ่กว่า,ตัวสูงกว่าร้านอื่น✅",,COLORBOX โซลิค,ตู้3colorbox โซลิค,,
"ชั้นวางของอเนกประสงค์ สี3ช่องcolorbox รุ่นใหญ่‼️ขนาด42x29x87ซม.✅ไม้หนากว่า,ตัวใหญ่กว่า,ตัวสูงกว่าร้านอื่น✅",,COLORBOX บีช,ตู้3colorbox บีช,,
"ชั้นวางของอเนกประสงค์ สี3ช่องcolorbox รุ่นใหญ่‼️ขนาด42x29x87ซม.✅ไม้หนากว่า,ตัวใหญ่กว่า,ตัวสูงกว่าร้านอื่น✅",,COLORBOX วอลนัท,ตู้3colorbox วอลนัท,,
"ชั้นวางของอเนกประสงค์ สี3ช่องcolorbox รุ่นใหญ่‼️ขนาด42x29x87ซม.✅ไม้หนากว่า,ตัวใหญ่กว่า,ตัวสูงกว่าร้านอื่น✅",,COLORBOX หินอ่อนขาว,ตู้3colorbox หินขาว,,
GOODHOME ตู้เสื้อผ้า❎มีซิปรูดปิด กันฝุ่นเข้า❎ เคลื่อนย้ายง่าย ประหยัดพื้นที่🌈ส่งคละสี,,วีวี่,ตู้ผ้า windy,,
GOODHOME เก้าอี้พลาสติกมีพนักพิง มีที่วางแขน เกรดA(รุ่นฮาวาย) ✅มี4สีให้เลือก✅ เก้าอี้ท้าวแขนตัวใหญ่เก้าอี้พนักพิงหลังสูง,P00211,เก้าอี้ท้าวแขน สีดำ,เก้าอี้ท้าวแขน สีดำ,,
GOODHOME เก้าอี้พลาสติกมีพนักพิง มีที่วางแขน เกรดA(รุ่นฮาวาย) ✅มี4สีให้เลือก✅ เก้าอี้ท้าวแขนตัวใหญ่เก้าอี้พนักพิงหลังสูง,P00132,"เก้าอี้187 , ขาว",เก้าอี้ฮาวาย ขาว,,
GOODHOME เก้าอี้พลาสติกมีพนักพิง มีที่วางแขน เกรดA(รุ่นฮาวาย) ✅มี4สีให้เลือก✅ เก้าอี้ท้าวแขนตัวใหญ่เก้าอี้พนักพิงหลังสูง,P00131,"เก้าอี้187 , ฟ้าสด",เก้าอี้ฮาวาย ฟ้าสด,,
GOODHOME เก้าอี้พลาสติกมีพนักพิง มีที่วางแขน เกรดA(รุ่นฮาวาย) ✅มี4สีให้เลือก✅ เก้าอี้ท้าวแขนตัวใหญ่เก้าอี้พนักพิงหลังสูง,P00257,"เก้าอี้187 , เขียวสด",เก้าอี้ฮาวาย เขียวสด,,
GOODHOME เก้าอี้พลาสติกมีพนักพิง มีที่วางแขน เกรดA(รุ่นฮาวาย) ✅มี4สีให้เลือก✅ เก้าอี้ท้าวแขนตัวใหญ่เก้าอี้พนักพิงหลังสูง,P00130,"เก้าอี้187 , ชมพูสด",เก้าอี้ฮาวาย ชมพูสด,,
GOODHOME โต๊ะประชุม📌หน้าไม้ตัน📌 60x90x75 ซม. โต๊ะหน้าไม้อเนกประสงค์ สามารถใช้ในสำนักงาน จัดปาร์ตี้หรือพรีเซ้นท์งาน,P00120,60x90,ประชุม 60x90,,
แขนเกี่ยวราว แขนเกาะราว แขนราว 9ปุ่ม,P00128,แขนเกี่ยวราว,แขนเกี่ยวราว,,
ตู้ลิ้นชัก4ชั้นโดเรม่อน ลายลิขสิทธิ์แท้👉Doraemon👈 ประกอบให้เสร็จ!!,,"4doraemon, สีน้ำตาล",ตู้4ชั้น หน้ากว้าง โดเรม่อน สีน้ำตาล,,
ตู้ลิ้นชัก4ชั้นโดเรม่อน ลายลิขสิทธิ์แท้👉Doraemon👈 ประกอบให้เสร็จ!!,,"4doraemon, กระดิ่ง",ตู้4ชั้น หน้ากว้าง โดเรม่อน สีกระดิ่ง,,
ตู้ลิ้นชัก4ชั้นโดเรม่อน ลายลิขสิทธิ์แท้👉Doraemon👈 ประกอบให้เสร็จ!!,,"4doraemon, สีน้ำเงิน",ตู้4ชั้น หน้ากว้าง โดเรม่อน สีน้ำเงิน,,
ตู้ลิ้นชัก4ชั้นโดเรม่อน ลายลิขสิทธิ์แท้👉Doraemon👈 ประกอบให้เสร็จ!!,,"4doraemon, โดรายากิ",ตู้4ชั้น หน้ากว้าง โดเรม่อน สีโดรายากิ,,
GOODHOME เตียงปิคนิคปรับระดับได้ รุ่นเหล็กสีดำ-เหล็กหนาสีขาว เหมาะกับการใช้พักผ่อนทุกสถานที่ แข็งแรงทนทาน,P00012,ปิคนิคสีดำ,ปิคนิค ดำ,,
GOODHOME เตียงปิคนิคปรับระดับได้ รุ่นเหล็กสีดำ-เหล็กหนาสีขาว เหมาะกับการใช้พักผ่อนทุกสถานที่ แข็งแรงทนทาน,P00013,ปิคนิคขาว,ปิคนิค ขาว,,
GOODHOME โต๊ะรีดผ้า โต๊ะนั่งรีดรุ่นขายู ขาเหล็ก มีที่วางเตารีด โต๊ะนั่งรีดผ้า 💖แข็งแรง ลายน่ารัก💖 ** ส่งคละสี คละลาย **,P00080,นั่งรีด,นั่งรีด,,
"GOODHOME โต๊ะประชุมอเนกประสงค์พับได้ 📌หน้าไม้ตัน📌 ขนาด 60x120 ซม.เหมาะใช้สำหรับประชุมงานในสำนักงาน,จัดปาร์ตี้,ทำอาหาร",P00121,โต๊ะประชุม 60*1.20 ม,ประชุม 60x120,,
"GOODHOME โต๊ะพับ 3ฟุต หน้าพลาสติก โครงเหล็ก สำหรับทานข้าว,ทำงาน,ขายของ,ใช้ในครัว,อ่านหนังสือ",P00161,"3PT ,น้ำเงิน Blue","3PT ,น้ำเงิน Blue",,
"GOODHOME โต๊ะพับ 3ฟุต หน้าพลาสติก โครงเหล็ก สำหรับทานข้าว,ทำงาน,ขายของ,ใช้ในครัว,อ่านหนังสือ",,"3PT ,สีดำ Black","3PT ,สีดำ Black",,
"GOODHOME โต๊ะพับ 3ฟุต หน้าพลาสติก โครงเหล็ก สำหรับทานข้าว,ทำงาน,ขายของ,ใช้ในครัว,อ่านหนังสือ",P00160,"3PT ,สีแดง Red","3PT ,สีแดง Red",,
GOODHOME แอร์บับเบิ้ล ยกม้วน พลาสติกกันกระแทก 65 ซม x 100 เมตร โฟมพลาสติก บับเบิ้ลกันกระแทก ห่อสินค้า แพ็คสินค้า,,บับเบิ้ล 65cmx100m,บับเบิ้ล 65cmx100m,,
GOODHOME โต๊ะพับ โต๊ะพับเหล็ก ขาสวิง 3ฟุต และ 4ฟุต ขากลม-เหลี่ยม มีเหล็กล็อคขาไม่ให้โยกเยก ✅มี3สีให้เลือก✅,P00238,"4ฟุตสวิง ขาเหลี่ยม,สีดำ Black","4ฟุตสวิง ขาเหลี่ยม,สีดำ Black",,
GOODHOME โต๊ะพับ โต๊ะพับเหล็ก ขาสวิง 3ฟุต และ 4ฟุต ขากลม-เหลี่ยม มีเหล็กล็อคขาไม่ให้โยกเยก ✅มี3สีให้เลือก✅,P00226,"4ฟุตสวิง ขากลม,เมทัลลิค Metallic","4ฟุตสวิง ขากลม,เมทัลลิค Metallic",,
GOODHOME โต๊ะพับ โต๊ะพับเหล็ก ขาสวิง 3ฟุต และ 4ฟุต ขากลม-เหลี่ยม มีเหล็กล็อคขาไม่ให้โยกเยก ✅มี3สีให้เลือก✅,P00232,"3ฟุตสวิง ขาเหลี่ยม,สีขาว White","3ฟุตสวิง ขาเหลี่ยม,สีขาว White",,
GOODHOME โต๊ะพับ โต๊ะพับเหล็ก ขาสวิง 3ฟุต และ 4ฟุต ขากลม-เหลี่ยม มีเหล็กล็อคขาไม่ให้โยกเยก ✅มี3สีให้เลือก✅,P00230,"3ฟุตสวิง ขาเหลี่ยม,น้ำเงิน Blue","3ฟุตสวิง ขาเหลี่ยม,น้ำเงิน Blue",,
GOODHOME โต๊ะพับ โต๊ะพับเหล็ก ขาสวิง 3ฟุต และ 4ฟุต ขากลม-เหลี่ยม มีเหล็กล็อคขาไม่ให้โยกเยก ✅มี3สีให้เลือก✅,P00228,"4ฟุตสวิง ขากลม,สีดำ Black","4ฟุตสวิง ขากลม,สีดำ Black",,
GOODHOME โต๊ะพับ โต๊ะพับเหล็ก ขาสวิง 3ฟุต และ 4ฟุต ขากลม-เหลี่ยม มีเหล็กล็อคขาไม่ให้โยกเยก ✅มี3สีให้เลือก✅,P00234,"4ฟุตสวิง ขาเหลี่ยม,แดง Red","4ฟุตสวิง ขาเหลี่ยม,แดง Red",,
GOODHOME โต๊ะพับ โต๊ะพับเหล็ก ขาสวิง 3ฟุต และ 4ฟุต ขากลม-เหลี่ยม มีเหล็กล็อคขาไม่ให้โยกเยก ✅มี3สีให้เลือก✅,P00220,"3ฟุตสวิง ขากลม,น้ำเงิน Blue","3ฟุตสวิง ขากลม,น้ำเงิน Blue",,
GOODHOME โต๊ะพับ โต๊ะพับเหล็ก ขาสวิง 3ฟุต และ 4ฟุต ขากลม-เหลี่ยม มีเหล็กล็อคขาไม่ให้โยกเยก ✅มี3สีให้เลือก✅,P00231,"3ฟุตสวิง ขาเหลี่ยม,เมทัลลิค Metallic","3ฟุตสวิง ขาเหลี่ยม,เมทัลลิค Metallic",,
GOODHOME โต๊ะพับ โต๊ะพับเหล็ก ขาสวิง 3ฟุต และ 4ฟุต ขากลม-เหลี่ยม มีเหล็กล็อคขาไม่ให้โยกเยก ✅มี3สีให้เลือก✅,P00227,"4ฟุตสวิง ขากลม,สีขาว White","4ฟุตสวิง ขากลม,สีขาว White",,
GOODHOME โต๊ะพับ โต๊ะพับเหล็ก ขาสวิง 3ฟุต และ 4ฟุต ขากลม-เหลี่ยม มีเหล็กล็อคขาไม่ให้โยกเยก ✅มี3สีให้เลือก✅,P00233,"3ฟุตสวิง ขาเหลี่ยม,สีดำ Black","3ฟุตสวิง ขาเหลี่ยม,สีดำ Black",,
GOODHOME โต๊ะพับ โต๊ะพับเหล็ก ขาสวิง 3ฟุต และ 4ฟุต ขากลม-เหลี่ยม มีเหล็กล็อคขาไม่ให้โยกเยก ✅มี3สีให้เลือก✅,P00236,"4ฟุตสวิง ขาเหลี่ยม,เมทัลลิค Metallic","4ฟุตสวิง ขาเหลี่ยม,เมทัลลิค Metallic",,
GOODHOME โต๊ะพับ โต๊ะพับเหล็ก ขาสวิง 3ฟุต และ 4ฟุต ขากลม-เหลี่ยม มีเหล็กล็อคขาไม่ให้โยกเยก ✅มี3สีให้เลือก✅,P00225,"4ฟุตสวิง ขากลม,น้ำเงิน Blue","4ฟุตสวิง ขากลม,น้ำเงิน Blue",,
GOODHOME โต๊ะพับ โต๊ะพับเหล็ก ขาสวิง 3ฟุต และ 4ฟุต ขากลม-เหลี่ยม มีเหล็กล็อคขาไม่ให้โยกเยก ✅มี3สีให้เลือก✅,P00224,"4ฟุตสวิง ขากลม,แดง Red","4ฟุตสวิง ขากลม,แดง Red",,
GOODHOME โต๊ะพับ โต๊ะพับเหล็ก ขาสวิง 3ฟุต และ 4ฟุต ขากลม-เหลี่ยม มีเหล็กล็อคขาไม่ให้โยกเยก ✅มี3สีให้เลือก✅,P00222,"3ฟุตสวิง ขากลม,สีขาว White","3ฟุตสวิง ขากลม,สีขาว White",,
GOODHOME โต๊ะพับ โต๊ะพับเหล็ก ขาสวิง 3ฟุต และ 4ฟุต ขากลม-เหลี่ยม มีเหล็กล็อคขาไม่ให้โยกเยก ✅มี3สีให้เลือก✅,P00223,"3ฟุตสวิง ขากลม,สีดำ Black","3ฟุตสวิง ขากลม,สีดำ Black",,
GOODHOME โต๊ะพับ โต๊ะพับเหล็ก ขาสวิง 3ฟุต และ 4ฟุต ขากลม-เหลี่ยม มีเหล็กล็อคขาไม่ให้โยกเยก ✅มี3สีให้เลือก✅,P00221,"3ฟุตสวิง ขากลม,เมทัลลิค Metallic","3ฟุตสวิง ขากลม,เมทัลลิค Metallic",,
GOODHOME โต๊ะพับ โต๊ะพับเหล็ก ขาสวิง 3ฟุต และ 4ฟุต ขากลม-เหลี่ยม มีเหล็กล็อคขาไม่ให้โยกเยก ✅มี3สีให้เลือก✅,P00219,"3ฟุตสวิง ขากลม,แดง Red","3ฟุตสวิง ขากลม,แดง Red",,
GOODHOME โต๊ะพับ โต๊ะพับเหล็ก ขาสวิง 3ฟุต และ 4ฟุต ขากลม-เหลี่ยม มีเหล็กล็อคขาไม่ให้โยกเยก ✅มี3สีให้เลือก✅,P00235,"4ฟุตสวิง ขาเหลี่ยม,น้ำเงิน Blue","4ฟุตสวิง ขาเหลี่ยม,น้ำเงิน Blue",,
GOODHOME โต๊ะพับ โต๊ะพับเหล็ก ขาสวิง 3ฟุต และ 4ฟุต ขากลม-เหลี่ยม มีเหล็กล็อคขาไม่ให้โยกเยก ✅มี3สีให้เลือก✅,P00237,"4ฟุตสวิง ขาเหลี่ยม,สีขาว White","4ฟุตสวิง ขาเหลี่ยม,สีขาว White",,
GOODHOME โต๊ะพับ โต๊ะพับเหล็ก ขาสวิง 3ฟุต และ 4ฟุต ขากลม-เหลี่ยม มีเหล็กล็อคขาไม่ให้โยกเยก ✅มี3สีให้เลือก✅,P00229,"3ฟุตสวิง ขาเหลี่ยม,แดง Red","3ฟุตสวิง ขาเหลี่ยม,แดง Red",,
โต๊ะสนามกลาง1ตัว+เก้าอี้สบาย2ตัว มีพนักพิงเอนนอนได้ เหมาะกับการใช้พักผ่อนริมระเบียง ในห้องนั่งเล่น ใช้อ่านหนังสือ,P00295,โต๊ะกลาง1+สบาย2 ชมพู,โต๊ะกลาง1+สบาย2 ชมพู,,
โต๊ะสนามกลาง1ตัว+เก้าอี้สบาย2ตัว มีพนักพิงเอนนอนได้ เหมาะกับการใช้พักผ่อนริมระเบียง ในห้องนั่งเล่น ใช้อ่านหนังสือ,P00293,โต๊ะกลาง1+สบาย2 ขาว,โต๊ะกลาง1+สบาย2 ขาว,,
โต๊ะสนามกลาง1ตัว+เก้าอี้สบาย2ตัว มีพนักพิงเอนนอนได้ เหมาะกับการใช้พักผ่อนริมระเบียง ในห้องนั่งเล่น ใช้อ่านหนังสือ,P00294,โต๊ะกลาง1+สบาย2 ฟ้า,โต๊ะกลาง1+สบาย2 ฟ้า,,
โต๊ะสนามกลาง1ตัว+เก้าอี้สบาย2ตัว มีพนักพิงเอนนอนได้ เหมาะกับการใช้พักผ่อนริมระเบียง ในห้องนั่งเล่น ใช้อ่านหนังสือ,P00296,โต๊ะกลาง1+สบาย2เขียว,โต๊ะกลาง1+สบาย2เขียว,,
GOODHOME เก้าอี้เบาะผู้ใหญ่พับได้ มียางกันลื่น สะดวกต่อการใช้งาน เคลื่อนย้ายได้สะดวก ประหยัดเนื้อที่ ✅มี3สีให้เลือก✅,P00192,"เบาะผู้ใหญ่ ,ดำ","เบาะผู้ใหญ่ ,ดำ",,
GOODHOME เก้าอี้เบาะผู้ใหญ่พับได้ มียางกันลื่น สะดวกต่อการใช้งาน เคลื่อนย้ายได้สะดวก ประหยัดเนื้อที่ ✅มี3สีให้เลือก✅,P00194,"เบาะผู้ใหญ่ , แดง","เบาะผู้ใหญ่ , แดง",,
GOODHOME เก้าอี้เบาะผู้ใหญ่พับได้ มียางกันลื่น สะดวกต่อการใช้งาน เคลื่อนย้ายได้สะดวก ประหยัดเนื้อที่ ✅มี3สีให้เลือก✅,P00193,"เบาะผู้ใหญ่ ,น้ำเงิน","เบาะผู้ใหญ่ ,น้ำเงิน",,
GOODHOMEโต๊ะรีดผ้า6ระดับ ขนาดใหญ่ หน้ากว้าง จัมโบ้ มีที่วางเตารีดขนาดใหญ่ ขาเหล็ก แข็งแรง 💙ปรับได้6ระดับ💙** ส่งคละลาย **,P00082,6ระดับถาด,6ระดับถาด,,
GOODHOME โต๊ะญี่ปุ่นอเนกประสงค์ ขนาด 60x60 ซม. หน้าสี่เหลี่ยมจัตุรัส ใช้สำหรับทำการบ้าน กินข้าว ทำงาน ✅มี7สีให้เลือก✅,P00084,60X60 กขค(ส่งคละลาย),โต๊ะญี่ปุ่น 24x24นิ้ว(60x60ซม) กข,,
GOODHOME โต๊ะญี่ปุ่นอเนกประสงค์ ขนาด 60x60 ซม. หน้าสี่เหลี่ยมจัตุรัส ใช้สำหรับทำการบ้าน กินข้าว ทำงาน ✅มี7สีให้เลือก✅,P00119,60X60 Classic Black,โต๊ะญี่ปุ่น 24x24นิ้ว(60x60ซม) ยีนส์,,
GOODHOME โต๊ะญี่ปุ่นอเนกประสงค์ ขนาด 60x60 ซม. หน้าสี่เหลี่ยมจัตุรัส ใช้สำหรับทำการบ้าน กินข้าว ทำงาน ✅มี7สีให้เลือก✅,P00116,60X60 หินอ่อนขาว,โต๊ะญี่ปุ่น 24x24นิ้ว(60x60ซม) หินขาว,,
GOODHOME โต๊ะญี่ปุ่นอเนกประสงค์ ขนาด 60x60 ซม. หน้าสี่เหลี่ยมจัตุรัส ใช้สำหรับทำการบ้าน กินข้าว ทำงาน ✅มี7สีให้เลือก✅,P00117,60X60 หินอ่อนดำ,โต๊ะญี่ปุ่น 24x24นิ้ว(60x60ซม) หินดำ,,
GOODHOME โต๊ะญี่ปุ่นอเนกประสงค์ ขนาด 60x60 ซม. หน้าสี่เหลี่ยมจัตุรัส ใช้สำหรับทำการบ้าน กินข้าว ทำงาน ✅มี7สีให้เลือก✅,P00118,60X60 เมเปิ้ล,โต๊ะญี่ปุ่น 24x24นิ้ว(60x60ซม) เมเปิ้ล,,
GOODHOME เฉพาะผ้าเปลเรือ (ไม่รวมโครงเหล็ก),,มุ้งเปลเรือ ฟ้า,ผ้า มุ้งเปลเรือ ฟ้า,,
GOODHOME เฉพาะผ้าเปลเรือ (ไม่รวมโครงเหล็ก),,มุ้งเปลเรือ ชมพู,ผ้า มุ้งเปลเรือ ชมพู,,
GOODHOME โต๊ะญี่ปุ่นทรงสูงหน้าไม้ หน้ากลมขนาด60ซม.พับเก็บได้ ขากลม เหมาะสำหรับทำงาน อ่านหนังสือ ✅มี4สีให้เลือก✅,P00096,กาแฟกลม60ซม. เมเปิ้ล,กาแฟ กลม 60ซม เมเปิ้ล,,
GOODHOME โต๊ะญี่ปุ่นทรงสูงหน้าไม้ หน้ากลมขนาด60ซม.พับเก็บได้ ขากลม เหมาะสำหรับทำงาน อ่านหนังสือ ✅มี4สีให้เลือก✅,P00093,กาแฟกลม60 ลายผ้ายีน,กาแฟ กลม 60ซม ลายผ้ายีนส์,,
GOODHOME โต๊ะญี่ปุ่นทรงสูงหน้าไม้ หน้ากลมขนาด60ซม.พับเก็บได้ ขากลม เหมาะสำหรับทำงาน อ่านหนังสือ ✅มี4สีให้เลือก✅,P00095,กาแฟกลม60 หินอ่อนขาว,กาแฟ กลม 60ซม ลายหินขาว,,
GOODHOME โต๊ะญี่ปุ่นทรงสูงหน้าไม้ หน้ากลมขนาด60ซม.พับเก็บได้ ขากลม เหมาะสำหรับทำงาน อ่านหนังสือ ✅มี4สีให้เลือก✅,P00094,กาแฟกลม60 หินอ่อนดำ,กาแฟ กลม 60ซม ลายหินดำ,,
"GOODHOME ชั้นวางของพลาสติกอเนกประสงค์ 2ชั้น สีเงิน ขนาด30x40x30ซม. สำหรับใช้ในห้องครัว,ห้องน้ำ,วางขวดซอสได้ ทนฝนทนแดด",,2ชั้นพลาสติก สีเงิน,2ชั้น เงิน,,
GOODHOME เก้าอี้พลาสติก มินิแบมบู เก้าอี้พลาสติกลายหวาย สูง 29 ซม. สีหวาน เกรดA มียางกันลื่น🔥✅มี5สีให้เลือก สีสดใสทุกสี✅,,"มินิแบมบู ,ม่วง",มินิแบมบู ม่วง,,
GOODHOME เก้าอี้พลาสติก มินิแบมบู เก้าอี้พลาสติกลายหวาย สูง 29 ซม. สีหวาน เกรดA มียางกันลื่น🔥✅มี5สีให้เลือก สีสดใสทุกสี✅,,"มินิแบมบู ,เหลือง",มินิแบมบู เหลือง,,
GOODHOME เก้าอี้พลาสติก มินิแบมบู เก้าอี้พลาสติกลายหวาย สูง 29 ซม. สีหวาน เกรดA มียางกันลื่น🔥✅มี5สีให้เลือก สีสดใสทุกสี✅,,"มินิแบมบู ,เขียว",มินิแบมบู เขียว,,
GOODHOME เก้าอี้พลาสติก มินิแบมบู เก้าอี้พลาสติกลายหวาย สูง 29 ซม. สีหวาน เกรดA มียางกันลื่น🔥✅มี5สีให้เลือก สีสดใสทุกสี✅,,"มินิแบมบู ,ฟ้า",มินิแบมบู ฟ้า,,
GOODHOME เก้าอี้พลาสติก มินิแบมบู เก้าอี้พลาสติกลายหวาย สูง 29 ซม. สีหวาน เกรดA มียางกันลื่น🔥✅มี5สีให้เลือก สีสดใสทุกสี✅,,"มินิแบมบู ,แดง",มินิแบมบู แดง,,
ชั้นวางรองเท้า✅ทำจากเหล็กหนาทั้งตัว✅ 2-3-4-5ชั้น วางรองเท้าได้6-15คู่ ประกอบง่ายเพียงใช้น็อตขัน สามารถถอดประกอบได้,,"3ชั้นรองเท้าNF,เมทัลลิคล้วน","3ชั้นรองเท้าNF,เมทัลลิคล้วน",,
ชั้นวางรองเท้า✅ทำจากเหล็กหนาทั้งตัว✅ 2-3-4-5ชั้น วางรองเท้าได้6-15คู่ ประกอบง่ายเพียงใช้น็อตขัน สามารถถอดประกอบได้,,"4ชั้นรองเท้าNF,เมทัลลิคล้วน","4ชั้นรองเท้าNF,เมทัลลิคล้วน",,
ชั้นวางรองเท้า✅ทำจากเหล็กหนาทั้งตัว✅ 2-3-4-5ชั้น วางรองเท้าได้6-15คู่ ประกอบง่ายเพียงใช้น็อตขัน สามารถถอดประกอบได้,,"5ชั้นรองเท้าNF,เมทัลลิคล้วน","5ชั้นรองเท้าNF,เมทัลลิคล้วน",,
ชั้นวางรองเท้า✅ทำจากเหล็กหนาทั้งตัว✅ 2-3-4-5ชั้น วางรองเท้าได้6-15คู่ ประกอบง่ายเพียงใช้น็อตขัน สามารถถอดประกอบได้,,"2ชั้นรองเท้าNF,ขาวล้วน","2ชั้นรองเท้าNF,ขาวล้วน",,
ชั้นวางรองเท้า✅ทำจากเหล็กหนาทั้งตัว✅ 2-3-4-5ชั้น วางรองเท้าได้6-15คู่ ประกอบง่ายเพียงใช้น็อตขัน สามารถถอดประกอบได้,,"3ชั้นรองเท้าNF,ขาวล้วน","3ชั้นรองเท้าNF,ขาวล้วน",,
ชั้นวางรองเท้า✅ทำจากเหล็กหนาทั้งตัว✅ 2-3-4-5ชั้น วางรองเท้าได้6-15คู่ ประกอบง่ายเพียงใช้น็อตขัน สามารถถอดประกอบได้,,"4ชั้นรองเท้าNF,ขาวล้วน","4ชั้นรองเท้าNF,ขาวล้วน",,
ชั้นวางรองเท้า✅ทำจากเหล็กหนาทั้งตัว✅ 2-3-4-5ชั้น วางรองเท้าได้6-15คู่ ประกอบง่ายเพียงใช้น็อตขัน สามารถถอดประกอบได้,,"5ชั้นรองเท้าNF,ขาวล้วน","5ชั้นรองเท้าNF,ขาวล้วน",,
ชั้นวางรองเท้า✅ทำจากเหล็กหนาทั้งตัว✅ 2-3-4-5ชั้น วางรองเท้าได้6-15คู่ ประกอบง่ายเพียงใช้น็อตขัน สามารถถอดประกอบได้,,"2ชั้นรองเท้าNF,เมทัลลิคล้วน","2ชั้นรองเท้าNF,เมทัลลิคล้วน",,
GOODHOME โต๊ะรีดผ้า โต๊ะยืนรีดผ้าปรับได้6ระดับ พับเก็บได้ มีที่วางเตารีด ขาเหล็ก💖แข็งแรง ลายน่ารัก💖** ส่งคละสี คละลาย **,P00081,6ระดับ,6ระดับ,,
GOODHOME เก้าอี้เด็กแฟนซีมีพนักพิงเกรดA ผู้ใหญ่นั่งได้เด็กนั่งดี เก้าอี้พลาสติกหนา ที่นั่งกว้างและใหญ่✅,P00058,"แฟนซี, แดง","แฟนซี, แดง",,
GOODHOME เก้าอี้เด็กแฟนซีมีพนักพิงเกรดA ผู้ใหญ่นั่งได้เด็กนั่งดี เก้าอี้พลาสติกหนา ที่นั่งกว้างและใหญ่✅,P00051,"แฟนซี, ฟ้า","แฟนซี, ฟ้า",,
GOODHOME เก้าอี้เด็กแฟนซีมีพนักพิงเกรดA ผู้ใหญ่นั่งได้เด็กนั่งดี เก้าอี้พลาสติกหนา ที่นั่งกว้างและใหญ่✅,P00055,"แฟนซี, ม่วง","แฟนซี, ม่วง",,
GOODHOME เก้าอี้เด็กแฟนซีมีพนักพิงเกรดA ผู้ใหญ่นั่งได้เด็กนั่งดี เก้าอี้พลาสติกหนา ที่นั่งกว้างและใหญ่✅,P00056,"แฟนซี, ส้ม","แฟนซี, ส้ม",,
GOODHOME เก้าอี้เด็กแฟนซีมีพนักพิงเกรดA ผู้ใหญ่นั่งได้เด็กนั่งดี เก้าอี้พลาสติกหนา ที่นั่งกว้างและใหญ่✅,P00054,"แฟนซี, ขาว","แฟนซี, ขาว",,
GOODHOME เก้าอี้เด็กแฟนซีมีพนักพิงเกรดA ผู้ใหญ่นั่งได้เด็กนั่งดี เก้าอี้พลาสติกหนา ที่นั่งกว้างและใหญ่✅,P00053,"แฟนซี, ชมพู","แฟนซี, ชมพู",,
GOODHOME เก้าอี้เด็กแฟนซีมีพนักพิงเกรดA ผู้ใหญ่นั่งได้เด็กนั่งดี เก้าอี้พลาสติกหนา ที่นั่งกว้างและใหญ่✅,P00052,"แฟนซี, เขียว","แฟนซี, เขียว",,
GOODHOME เก้าอี้เด็กแฟนซีมีพนักพิงเกรดA ผู้ใหญ่นั่งได้เด็กนั่งดี เก้าอี้พลาสติกหนา ที่นั่งกว้างและใหญ่✅,P00057,"แฟนซี, เหลือง","แฟนซี, เหลือง",,
GOODHOMEเก้าอี้พลาสติกพับได้ตัวสูง🔥สีสดใส พลาสติกเกรดA หนา แข็งแรง ทนทาน🔥 พกพาสะดวกประหยัดพื้นที่ เก้าอี้สนาม 🌈ส่งคละสี🌈,P00124,เก้าอี้พับ สูง,เก้าอี้พับ โดโด้ สูง,,
GOODHOME ราวสามแขนชุบโครเมี่ยม สีเงิน **ปรับระดับ ขึ้นลงได้**เหมาะสำหรับแม่ค้าขายของไลฟ์สด,P00128,เฉพาะแขนเกาะราว 3อัน,เฉพาะ แขนเกาะราว 3อัน,,
GOODHOME ราวสามแขนชุบโครเมี่ยม สีเงิน **ปรับระดับ ขึ้นลงได้**เหมาะสำหรับแม่ค้าขายของไลฟ์สด,P00127,ราว3แขน (ครบชุด),ราว3แขน (ครบชุด),,
GOODHOME ราวเดี่ยวทรงAS เหล็กชุปสี แข็งแรง ทนทาน💖ราวตากผ้าสีพาสเทล💖 ✅มี5สีให้เลือก✅,P00014,AS เขียวพาสเทลGreen,ราวAS เขียว,,
GOODHOME ราวเดี่ยวทรงAS เหล็กชุปสี แข็งแรง ทนทาน💖ราวตากผ้าสีพาสเทล💖 ✅มี5สีให้เลือก✅,P00018,AS ฟ้าพาสเทล Blue,ราวAS ฟ้า,,
GOODHOME ราวเดี่ยวทรงAS เหล็กชุปสี แข็งแรง ทนทาน💖ราวตากผ้าสีพาสเทล💖 ✅มี5สีให้เลือก✅,P00015,AS ชมพูพาสเทล Pink,ราวAS ชมพู,,
GOODHOME ราวเดี่ยวทรงAS เหล็กชุปสี แข็งแรง ทนทาน💖ราวตากผ้าสีพาสเทล💖 ✅มี5สีให้เลือก✅,P00154,AS ขาว White Minimal,ราวAS ขาว,,
GOODHOME ราวเดี่ยวทรงAS เหล็กชุปสี แข็งแรง ทนทาน💖ราวตากผ้าสีพาสเทล💖 ✅มี5สีให้เลือก✅,P00016,AS แดง Red,ราวAS แดง,,
GOODHOME ราวเดี่ยวทรงAS เหล็กชุปสี แข็งแรง ทนทาน💖ราวตากผ้าสีพาสเทล💖 ✅มี5สีให้เลือก✅,P00017,AS น้ำเงิน Navy,ราวAS น้ำเงิน,,
GOODHOMEราวสนามกลม 1.5เมตร8เส้น ราวตากผ้าเหล็กมีล้อ ราวแขวนผ้า เหล็กกลมหนาพิเศษ💯% มีล้อ เคลื่อนย้ายง่าย ✅มี5สีให้เลือก✅,P00010,"น้ำเงิน,ราวสนามกลม 1.5 เมตร","ราวสนามกลม ,น้ำเงิน",,
GOODHOMEราวสนามกลม 1.5เมตร8เส้น ราวตากผ้าเหล็กมีล้อ ราวแขวนผ้า เหล็กกลมหนาพิเศษ💯% มีล้อ เคลื่อนย้ายง่าย ✅มี5สีให้เลือก✅,P00011,"ฟ้า,ราวสนามกลม 1.5 เมตร","ราวสนามกลม ,ฟ้า",,
GOODHOMEราวสนามกลม 1.5เมตร8เส้น ราวตากผ้าเหล็กมีล้อ ราวแขวนผ้า เหล็กกลมหนาพิเศษ💯% มีล้อ เคลื่อนย้ายง่าย ✅มี5สีให้เลือก✅,P00008,"ชมพู,ราวสนามกลม 1.5 เมตร","ราวสนามกลม ,ชมพู",,
GOODHOMEราวสนามกลม 1.5เมตร8เส้น ราวตากผ้าเหล็กมีล้อ ราวแขวนผ้า เหล็กกลมหนาพิเศษ💯% มีล้อ เคลื่อนย้ายง่าย ✅มี5สีให้เลือก✅,P00007,"เขียว,ราวสนามกลม 1.5 เมตร","ราวสนามกลม ,เขียว",,
GOODHOMEราวสนามกลม 1.5เมตร8เส้น ราวตากผ้าเหล็กมีล้อ ราวแขวนผ้า เหล็กกลมหนาพิเศษ💯% มีล้อ เคลื่อนย้ายง่าย ✅มี5สีให้เลือก✅,P00009,"แดง,ราวสนามกลม 1.5 เมตร","ราวสนามกลม ,แดง",,
"GOODHOME โต๊ะพับเหล็กขนาด2.5ฟุตขาเหล็กกลมขาไขว้พับเก็บได้ โต๊ะพับเหล็กทั้งตัว สำหรับกินข้าว,ทำงาน,ขายของ",P00176,18x30 แดง Red,โต๊ะพับ18x30 เหล็ก แดง,,
"GOODHOME โต๊ะพับเหล็กขนาด2.5ฟุตขาเหล็กกลมขาไขว้พับเก็บได้ โต๊ะพับเหล็กทั้งตัว สำหรับกินข้าว,ทำงาน,ขายของ",P00177,18x30 น้ำเงิน Blue,โต๊ะพับ18x30 เหล็ก น้ำเงิน,,
"GOODHOME โต๊ะพับเหล็กขนาด2.5ฟุตขาเหล็กกลมขาไขว้พับเก็บได้ โต๊ะพับเหล็กทั้งตัว สำหรับกินข้าว,ทำงาน,ขายของ",P00179,18x30 สีดำ Black,โต๊ะพับ18x30 เหล็ก ดำ,,
"GOODHOME โต๊ะพับเหล็กขนาด2.5ฟุตขาเหล็กกลมขาไขว้พับเก็บได้ โต๊ะพับเหล็กทั้งตัว สำหรับกินข้าว,ทำงาน,ขายของ",P00175,18x30 สีขาว White,โต๊ะพับ18x30 เหล็ก ขาว,,
"GOODHOME โต๊ะพับเหล็กขนาด2.5ฟุตขาเหล็กกลมขาไขว้พับเก็บได้ โต๊ะพับเหล็กทั้งตัว สำหรับกินข้าว,ทำงาน,ขายของ",P00178,18x30 เมทัลลิค Metal,โต๊ะพับ18x30 เหล็ก ระเบิด,,
GOODHOME เก้าอี้พลาสติกมีพนักพิง มีที่วางแขน เกรดA(รุ่นV12) ✅มี4สีให้เลือก✅ เก้าอี้ท้าวแขนตัวใหญ่ เก้าอี้ลายหินอ่อน,P00258,"เก้าอี้V12 , ชมพูหิน","เก้าอี้V12 , ชมพูหิน",,
GOODHOME เก้าอี้พลาสติกมีพนักพิง มีที่วางแขน เกรดA(รุ่นV12) ✅มี4สีให้เลือก✅ เก้าอี้ท้าวแขนตัวใหญ่ เก้าอี้ลายหินอ่อน,P00070,"เก้าอี้V12 , ขาว","เก้าอี้V12 , ขาว",,
GOODHOME เก้าอี้พลาสติกมีพนักพิง มีที่วางแขน เกรดA(รุ่นV12) ✅มี4สีให้เลือก✅ เก้าอี้ท้าวแขนตัวใหญ่ เก้าอี้ลายหินอ่อน,P00071,"เก้าอี้V12 , ฟ้าหิน","เก้าอี้V12 , ฟ้าหิน",,
GOODHOME เก้าอี้พลาสติกมีพนักพิง มีที่วางแขน เกรดA(รุ่นV12) ✅มี4สีให้เลือก✅ เก้าอี้ท้าวแขนตัวใหญ่ เก้าอี้ลายหินอ่อน,P00072,"เก้าอี้V12 ,เขียวหิน","เก้าอี้V12 ,เขียวหิน",,
GOODHOME เก้าอี้ขาคู่ ✅มี7ขนาด2สี สูง9นิ้ว ถึง 48นิ้ว✅ 💖รุ่นขาหนาพิเศษ หน้าไม้ยางพาราแท้รุ่นหนา💖 เก้าอี้ขาเหล็ก,P00217,ขาคู่30นิ้ว(ขาขาว),ขาคู่30นิ้ว(ขาขาว),,
GOODHOME เก้าอี้ขาคู่ ✅มี7ขนาด2สี สูง9นิ้ว ถึง 48นิ้ว✅ 💖รุ่นขาหนาพิเศษ หน้าไม้ยางพาราแท้รุ่นหนา💖 เก้าอี้ขาเหล็ก,P00243,ขาคู่36นิ้ว(ขาขาว),ขาคู่36นิ้ว(ขาขาว),,
GOODHOME เก้าอี้ขาคู่ ✅มี7ขนาด2สี สูง9นิ้ว ถึง 48นิ้ว✅ 💖รุ่นขาหนาพิเศษ หน้าไม้ยางพาราแท้รุ่นหนา💖 เก้าอี้ขาเหล็ก,P00216,ขาคู่24นิ้ว(ขาขาว),ขาคู่24นิ้ว(ขาขาว),,
GOODHOME เก้าอี้ขาคู่ ✅มี7ขนาด2สี สูง9นิ้ว ถึง 48นิ้ว✅ 💖รุ่นขาหนาพิเศษ หน้าไม้ยางพาราแท้รุ่นหนา💖 เก้าอี้ขาเหล็ก,P00215,ขาคู่24นิ้ว(ขาดำ),ขาคู่24นิ้ว(ขาดำ),,
GOODHOME เก้าอี้ขาคู่ ✅มี7ขนาด2สี สูง9นิ้ว ถึง 48นิ้ว✅ 💖รุ่นขาหนาพิเศษ หน้าไม้ยางพาราแท้รุ่นหนา💖 เก้าอี้ขาเหล็ก,P00218,ขาคู่30นิ้ว(ขาดำ),ขาคู่30นิ้ว(ขาดำ),,
GOODHOME เก้าอี้ขาคู่ ✅มี7ขนาด2สี สูง9นิ้ว ถึง 48นิ้ว✅ 💖รุ่นขาหนาพิเศษ หน้าไม้ยางพาราแท้รุ่นหนา💖 เก้าอี้ขาเหล็ก,P00282,ขาคู่9นิ้ว(ขาขาว),ขาคู่9นิ้ว(ขาขาว),,
GOODHOME เก้าอี้ขาคู่ ✅มี7ขนาด2สี สูง9นิ้ว ถึง 48นิ้ว✅ 💖รุ่นขาหนาพิเศษ หน้าไม้ยางพาราแท้รุ่นหนา💖 เก้าอี้ขาเหล็ก,P00241,ขาคู่48นิ้ว(ขาขาว),ขาคู่48นิ้ว(ขาขาว),,
GOODHOME เก้าอี้ขาคู่ ✅มี7ขนาด2สี สูง9นิ้ว ถึง 48นิ้ว✅ 💖รุ่นขาหนาพิเศษ หน้าไม้ยางพาราแท้รุ่นหนา💖 เก้าอี้ขาเหล็ก,P00239,ขาคู่18นิ้ว(ขาขาว),ขาคู่18นิ้ว(ขาขาว),,
GOODHOME เก้าอี้ขาคู่ ✅มี7ขนาด2สี สูง9นิ้ว ถึง 48นิ้ว✅ 💖รุ่นขาหนาพิเศษ หน้าไม้ยางพาราแท้รุ่นหนา💖 เก้าอี้ขาเหล็ก,P00240,ขาคู่18นิ้ว(ขาดำ),ขาคู่18นิ้ว(ขาดำ),,
GOODHOME เก้าอี้ขาคู่ ✅มี7ขนาด2สี สูง9นิ้ว ถึง 48นิ้ว✅ 💖รุ่นขาหนาพิเศษ หน้าไม้ยางพาราแท้รุ่นหนา💖 เก้าอี้ขาเหล็ก,P00246,ขาคู่42นิ้ว(ขาขาว),ขาคู่42นิ้ว(ขาขาว),,
GOODHOMEเก้าอี้พลาสติกกลมหัวโล้น ✔แข็งแรงเนื้อหนา✔ เหมาะสำหรับใช้ในครัวเรือน นั่งเล่น อ่านหนังสือ ประหยัดพื้นที่จัดเก็บ,P00259,เก้าอี้กลมB แดง,เก้าอี้กลมB แดง,,
GOODHOMEเก้าอี้พลาสติกกลมหัวโล้น ✔แข็งแรงเนื้อหนา✔ เหมาะสำหรับใช้ในครัวเรือน นั่งเล่น อ่านหนังสือ ประหยัดพื้นที่จัดเก็บ,P00129,เก้าอี้กลมB น้ำเงิน,เก้าอี้กลมB น้ำเงิน,,
GOODHOME ราวตากผ้าเหล็ก ราวสนามเหลี่ยม ยาว 1.5เมตร 9เส้น ราวแขวนผ้า เหล็กเหลี่ยมหนาพิเศษ💯% มีล้อ ✅มี6สีให้เลือก✅,P00003,"สนามเหลี่ยม ,แดง","ราวสนามเหลี่ยม ,แดง",,
GOODHOME ราวตากผ้าเหล็ก ราวสนามเหลี่ยม ยาว 1.5เมตร 9เส้น ราวแขวนผ้า เหล็กเหลี่ยมหนาพิเศษ💯% มีล้อ ✅มี6สีให้เลือก✅,P00004,"สนามเหลี่ยม ,น้ำเงิน","ราวสนามเหลี่ยม ,น้ำเงิน",,
GOODHOME ราวตากผ้าเหล็ก ราวสนามเหลี่ยม ยาว 1.5เมตร 9เส้น ราวแขวนผ้า เหล็กเหลี่ยมหนาพิเศษ💯% มีล้อ ✅มี6สีให้เลือก✅,P00002,"สนามเหลี่ยม ,ชมพู","ราวสนามเหลี่ยม ,ชมพู",,
GOODHOME ราวตากผ้าเหล็ก ราวสนามเหลี่ยม ยาว 1.5เมตร 9เส้น ราวแขวนผ้า เหล็กเหลี่ยมหนาพิเศษ💯% มีล้อ ✅มี6สีให้เลือก✅,P00005,"สนามเหลี่ยม ,ฟ้า","ราวสนามเหลี่ยม ,ฟ้า",,
GOODHOME ราวตากผ้าเหล็ก ราวสนามเหลี่ยม ยาว 1.5เมตร 9เส้น ราวแขวนผ้า เหล็กเหลี่ยมหนาพิเศษ💯% มีล้อ ✅มี6สีให้เลือก✅,P00001,"สนามเหลี่ยม ,เขียว","ราวสนามเหลี่ยม ,เขียว",,
GOODHOME ราวตากผ้าเหล็ก ราวสนามเหลี่ยม ยาว 1.5เมตร 9เส้น ราวแขวนผ้า เหล็กเหลี่ยมหนาพิเศษ💯% มีล้อ ✅มี6สีให้เลือก✅,P00006,"สนามเหลี่ยม ,ระเบิด","ราวสนามเหลี่ยม ,ระเบิด",,
ตะกร้าผ้า ตะกร้าพลาสติกเหลี่ยมใหญ่ ทรงสูง ตะกร้าใส่ของ ขนาด 37x37x44ซม. พลาสติกหนาแข็งแรง เกรดA จุผ้าได้เยอะ🌈ส่งคละสี🌈,,ตะกร้า ทรงสูงงง,ตะกร้า ทรงสูง,,
ชั้นวางทีวีและไมโครเวฟ ไม้ 1 ชั้นและ 2 ชั้น ชั้นวางของ ชั้นไม้,,ไม้2ชั้น ไม่มีล้อ,TV 2 ชั้น ไม่ล้อ,,
ชั้นวางทีวีและไมโครเวฟ ไม้ 1 ชั้นและ 2 ชั้น ชั้นวางของ ชั้นไม้,,ไม้2ชั้น มีล้อ,TV 2 ชั้น มีล้อ,,
ชั้นวางทีวีและไมโครเวฟ ไม้ 1 ชั้นและ 2 ชั้น ชั้นวางของ ชั้นไม้,,ไม้1ชั้น ไม่มีล้อ,TV 1 ชั้น ไม่ล้อ,,
ชั้นวางทีวีและไมโครเวฟ ไม้ 1 ชั้นและ 2 ชั้น ชั้นวางของ ชั้นไม้,,ไม้1ชั้น มีล้อ,TV 1 ชั้น มีล้อ,,
GOODHOMEตู้ลิ้นชักพลาสติกโดเรม่อน ขนาด4ชั้น รุ่น2ชั้นเล็ก2ชั้นใหญ่ ทำจากพลาสติกเกรดA ลายสกรีนDoraemon ลิขสิทธิ์แท้100%‼️,,2/2 ลายพิ้งค์ซากุระ,ตู้2เล็ก2ใหญ่ โดเรม่อน ลายพิงค์ซากุระ,,
GOODHOMEตู้ลิ้นชักพลาสติกโดเรม่อน ขนาด4ชั้น รุ่น2ชั้นเล็ก2ชั้นใหญ่ ทำจากพลาสติกเกรดA ลายสกรีนDoraemon ลิขสิทธิ์แท้100%‼️,,2/2 ลายโดรายากิ,ตู้2เล็ก2ใหญ่ โดเรม่อน ลายโดรายากิ,,
GOODHOMEตู้ลิ้นชักพลาสติกโดเรม่อน ขนาด4ชั้น รุ่น2ชั้นเล็ก2ชั้นใหญ่ ทำจากพลาสติกเกรดA ลายสกรีนDoraemon ลิขสิทธิ์แท้100%‼️,,2/2 ลายเมจิก(ดาว),ตู้2เล็ก2ใหญ่ โดเรม่อน ลายเมจิก ดาว,,
GOODHOMEตู้ลิ้นชักพลาสติกโดเรม่อน ขนาด4ชั้น รุ่น2ชั้นเล็ก2ชั้นใหญ่ ทำจากพลาสติกเกรดA ลายสกรีนDoraemon ลิขสิทธิ์แท้100%‼️,,2/2 ลายของวิเศษ,ตู้2เล็ก2ใหญ่ โดเรม่อน ลายขแงวิเศษ,,
GOODHOMEตู้ลิ้นชักพลาสติกโดเรม่อน ขนาด4ชั้น รุ่น2ชั้นเล็ก2ชั้นใหญ่ ทำจากพลาสติกเกรดA ลายสกรีนDoraemon ลิขสิทธิ์แท้100%‼️,,2/2 ลายบลูบรัช,ตู้2เล็ก2ใหญ่ โดเรม่อน ลายบลูบรัช,,
"GOODHOME โต๊ะญี่ปุ่นขนาด75x75 ซม. โต๊ะหน้าสี่เหลี่ยมจัตุรัส สำหรับกินข้าว,อ่านหนังสือ,ทำงาน,ทำอาหาร ✅มี7สีให้เลือก✅",P00092,75x75 Classic Black,โต๊ะญี่ปุ่น30x30(75x75cm) ลายยีนส์,,
"GOODHOME โต๊ะญี่ปุ่นขนาด75x75 ซม. โต๊ะหน้าสี่เหลี่ยมจัตุรัส สำหรับกินข้าว,อ่านหนังสือ,ทำงาน,ทำอาหาร ✅มี7สีให้เลือก✅",P00091,75x75 เมเปิ้ล,โต๊ะญี่ปุ่น30x30(75x75cm) เมเปิ้ล,,
"GOODHOME โต๊ะญี่ปุ่นขนาด75x75 ซม. โต๊ะหน้าสี่เหลี่ยมจัตุรัส สำหรับกินข้าว,อ่านหนังสือ,ทำงาน,ทำอาหาร ✅มี7สีให้เลือก✅",P00089,75x75 หินอ่อนขาว,โต๊ะญี่ปุ่น30x30(75x75cm) หินขาว,,
"GOODHOME โต๊ะญี่ปุ่นขนาด75x75 ซม. โต๊ะหน้าสี่เหลี่ยมจัตุรัส สำหรับกินข้าว,อ่านหนังสือ,ทำงาน,ทำอาหาร ✅มี7สีให้เลือก✅",P00090,75x75 หินอ่อนดำ,โต๊ะญี่ปุ่น30x30(75x75cm) หินดำ,,
GOODHOME เก้าอี้พลาสติกเอนนอนสุขสบายเกรดA ✅มีให้เลือก7สี สดใสทุกสี✅มียางกันลื่น เก้าอี้นอนชมดาว เก้าอี้พักผ่อน,P00068,สบายV14 เขียวสด,สบาย เขียวสด,,
GOODHOME เก้าอี้พลาสติกเอนนอนสุขสบายเกรดA ✅มีให้เลือก7สี สดใสทุกสี✅มียางกันลื่น เก้าอี้นอนชมดาว เก้าอี้พักผ่อน,P00066,สบายV14 ชมพูหินอ่อน,สบาย ชมพูหิน,,
GOODHOME เก้าอี้พลาสติกเอนนอนสุขสบายเกรดA ✅มีให้เลือก7สี สดใสทุกสี✅มียางกันลื่น เก้าอี้นอนชมดาว เก้าอี้พักผ่อน,P00064,สบายV14 ฟ้าหินอ่อน,สบาย ฟ้าหิน,,
GOODHOME เก้าอี้พลาสติกเอนนอนสุขสบายเกรดA ✅มีให้เลือก7สี สดใสทุกสี✅มียางกันลื่น เก้าอี้นอนชมดาว เก้าอี้พักผ่อน,P00065,สบายV14 เขียวหินอ่อน,สบาย เขียวหิน,,
GOODHOME เก้าอี้พลาสติกเอนนอนสุขสบายเกรดA ✅มีให้เลือก7สี สดใสทุกสี✅มียางกันลื่น เก้าอี้นอนชมดาว เก้าอี้พักผ่อน,P00063,สบายV14 ขาว,สบาย ขาว,,
GOODHOME เก้าอี้พลาสติกเอนนอนสุขสบายเกรดA ✅มีให้เลือก7สี สดใสทุกสี✅มียางกันลื่น เก้าอี้นอนชมดาว เก้าอี้พักผ่อน,P00067,สบายV14 ฟ้าสด,สบาย ฟ้าสด,,
GOODHOME เก้าอี้พลาสติกเอนนอนสุขสบายเกรดA ✅มีให้เลือก7สี สดใสทุกสี✅มียางกันลื่น เก้าอี้นอนชมดาว เก้าอี้พักผ่อน,P00069,สบายV14 ชมพูสด,สบาย ชมพูสด,,
GOODHOMEโต๊ะสนามกลางแจ้ง โต๊ะกลางแฟนซี1ตัว+เก้าอี้แฟนซี2ตัว แบบสีพื้นไม่มีลายและลายกขคโต๊ะทำการบ้าน✅ซื้อเป็นชุดคุ้มกว่า✅,P00054,เก้าอี้แฟนซี1ตัว ขาว,เก้าอี้แฟนซี ขาว,,
GOODHOMEโต๊ะสนามกลางแจ้ง โต๊ะกลางแฟนซี1ตัว+เก้าอี้แฟนซี2ตัว แบบสีพื้นไม่มีลายและลายกขคโต๊ะทำการบ้าน✅ซื้อเป็นชุดคุ้มกว่า✅,P00293,SET ต1+ก2ไม่ลาย ขาว,โต๊ะกลาง ขาว1 + เก้าอี้แฟนซี ขาว2,,
GOODHOMEโต๊ะสนามกลางแจ้ง โต๊ะกลางแฟนซี1ตัว+เก้าอี้แฟนซี2ตัว แบบสีพื้นไม่มีลายและลายกขคโต๊ะทำการบ้าน✅ซื้อเป็นชุดคุ้มกว่า✅,P00296,SET ต1+ก2 กขคสีเขียว,โต๊ะกลาง ลายกข เขียว1 + เก้าอี้แฟนซี เขียว2,,
GOODHOMEโต๊ะสนามกลางแจ้ง โต๊ะกลางแฟนซี1ตัว+เก้าอี้แฟนซี2ตัว แบบสีพื้นไม่มีลายและลายกขคโต๊ะทำการบ้าน✅ซื้อเป็นชุดคุ้มกว่า✅,P00295,SET ต1+ก2 กขค สีชมพู,โต๊ะกลาง ลายกข ชมพู1 + เก้าอี้แฟนซี ชมพู2,,
GOODHOMEโต๊ะสนามกลางแจ้ง โต๊ะกลางแฟนซี1ตัว+เก้าอี้แฟนซี2ตัว แบบสีพื้นไม่มีลายและลายกขคโต๊ะทำการบ้าน✅ซื้อเป็นชุดคุ้มกว่า✅,P00295,SET ต1+ก2ไม่ลาย ชมพู,โต๊ะกลาง ไม่ลาย ชมพู1 + เก้าอี้แฟนซี ชมพู2,,
GOODHOMEโต๊ะสนามกลางแจ้ง โต๊ะกลางแฟนซี1ตัว+เก้าอี้แฟนซี2ตัว แบบสีพื้นไม่มีลายและลายกขคโต๊ะทำการบ้าน✅ซื้อเป็นชุดคุ้มกว่า✅,P00294,SET ต1+ก2 กขค สีฟ้า,โต๊ะกลาง มีลาย ฟ้า1 + เก้าอี้แฟนซี ฟ้า2,,
GOODHOMEโต๊ะสนามกลางแจ้ง โต๊ะกลางแฟนซี1ตัว+เก้าอี้แฟนซี2ตัว แบบสีพื้นไม่มีลายและลายกขคโต๊ะทำการบ้าน✅ซื้อเป็นชุดคุ้มกว่า✅,P00052,เก้าอีแฟนซี1ตัวเขียว,แฟนซี เขียว,,
GOODHOMEโต๊ะสนามกลางแจ้ง โต๊ะกลางแฟนซี1ตัว+เก้าอี้แฟนซี2ตัว แบบสีพื้นไม่มีลายและลายกขคโต๊ะทำการบ้าน✅ซื้อเป็นชุดคุ้มกว่า✅,P00293,SET ต1+ก2 กขค สีขาว,โต๊ะกลาง มีลาย ขาว1 + เก้าอี้แฟนซี ขาว2,,
GOODHOMEโต๊ะสนามกลางแจ้ง โต๊ะกลางแฟนซี1ตัว+เก้าอี้แฟนซี2ตัว แบบสีพื้นไม่มีลายและลายกขคโต๊ะทำการบ้าน✅ซื้อเป็นชุดคุ้มกว่า✅,P00296,SETต1+ก2 ไม่ลายเขียว,โต๊ะกลาง ไม่ลาย เขียว1 + เก้าอี้แฟนซี เขียว2,,
GOODHOMEโต๊ะสนามกลางแจ้ง โต๊ะกลางแฟนซี1ตัว+เก้าอี้แฟนซี2ตัว แบบสีพื้นไม่มีลายและลายกขคโต๊ะทำการบ้าน✅ซื้อเป็นชุดคุ้มกว่า✅,P00051,เก้าอี้แฟนซี1ตัว ฟ้า,แฟนซี ฟ้า,,
GOODHOMEโต๊ะสนามกลางแจ้ง โต๊ะกลางแฟนซี1ตัว+เก้าอี้แฟนซี2ตัว แบบสีพื้นไม่มีลายและลายกขคโต๊ะทำการบ้าน✅ซื้อเป็นชุดคุ้มกว่า✅,P00053,เก้าอี้แฟนซี1ตัวชมพู,แฟนซี ชมพู,,
GOODHOMEโต๊ะสนามกลางแจ้ง โต๊ะกลางแฟนซี1ตัว+เก้าอี้แฟนซี2ตัว แบบสีพื้นไม่มีลายและลายกขคโต๊ะทำการบ้าน✅ซื้อเป็นชุดคุ้มกว่า✅,P00294,SETต1+ก2ไม่ลาย ฟ้า,โต๊ะกลาง ไม่ลาย ฟ้า1 + เก้าอี้แฟนซี ฟ้า2,,
GOODHOME เก้าอี้พลาสติกพับเก็บได้ พกพาสะดวก สามารถพกติดตัว เหมาะกับOutdoorและIndoor แข็งแรง ทนทาน 🌈ส่งสินค้าคละสีนะคะ🌈,P00123,เก้าอี้พับ สูง28ซม.,เก้าอี้ โดบี้ เตี้ย,,
GOODHOME ราวเดี่ยว2ชั้นชุบโครเมี่ยม สีเงิน *ปรับระดับขึ้น-ลงได้* สำหรับขายของ ไลฟ์สด ขายออนไลน์ พ่อค้าแม่ค้าออนไลน์,P00126,2ชั้นชุปเงิน,ราว 2 ชั้นชุปเงิน,,
GOODHOME ตู้ลิ้นชักพลาสติกเก็บของ 4 ชั้น ข้างทึบกันแมลง เกรด A รุ่น A58 เก๊ะสีสดสลับสีกันทุกเก๊ะ ลิ้นชักเอนกประสงค์,,ตู้C8(เก๊ะแฝดชั้นบน),ตู้4ชั้น A58 C8(เก๊ะแฝดชั้นบน),,
GOODHOME ตู้ลิ้นชักพลาสติกเก็บของ 4 ชั้น ข้างทึบกันแมลง เกรด A รุ่น A58 เก๊ะสีสดสลับสีกันทุกเก๊ะ ลิ้นชักเอนกประสงค์,,ตู้C12,ตู้4ชั้น A58 C12(เก๊ะเดี่ยว),,
"GOODHOME โต๊ะพับเหล็ก3ฟุต และ 4ฟุต ขาเหล็กกลมขาไขว้พับเก็บได้ โต๊ะพับเหล็กทั้งตัว สำหรับกินข้าว,ทำงาน,ขายของ",P00171,"4ฟุต หน้าเหล็ก,น้ำเงิน Blue",โต๊ะพับ4ฟุต เหล็ก สีน้ำเงิน,,
"GOODHOME โต๊ะพับเหล็ก3ฟุต และ 4ฟุต ขาเหล็กกลมขาไขว้พับเก็บได้ โต๊ะพับเหล็กทั้งตัว สำหรับกินข้าว,ทำงาน,ขายของ",P00170,"4ฟุต หน้าเหล็ก,แดง Red",โต๊ะพับ4ฟุต เหล็ก สีแดง,,
"GOODHOME โต๊ะพับเหล็ก3ฟุต และ 4ฟุต ขาเหล็กกลมขาไขว้พับเก็บได้ โต๊ะพับเหล็กทั้งตัว สำหรับกินข้าว,ทำงาน,ขายของ",P00167,"4ฟุต หน้าเหล็ก,สีขาว White",โต๊ะพับ4ฟุต เหล็ก สีขาว,,
"GOODHOME โต๊ะพับเหล็ก3ฟุต และ 4ฟุต ขาเหล็กกลมขาไขว้พับเก็บได้ โต๊ะพับเหล็กทั้งตัว สำหรับกินข้าว,ทำงาน,ขายของ",P00162,"3ฟุต หน้าเหล็ก,แดง Red",โต๊ะพับ3ฟุต เหล็ก สีแดง,,
"GOODHOME โต๊ะพับเหล็ก3ฟุต และ 4ฟุต ขาเหล็กกลมขาไขว้พับเก็บได้ โต๊ะพับเหล็กทั้งตัว สำหรับกินข้าว,ทำงาน,ขายของ",P00169,"4ฟุต หน้าเหล็ก,เมทัลลิค Metallic",โต๊ะพับ4ฟุต เหล็ก สีระเบิด,,
"GOODHOME โต๊ะพับเหล็ก3ฟุต และ 4ฟุต ขาเหล็กกลมขาไขว้พับเก็บได้ โต๊ะพับเหล็กทั้งตัว สำหรับกินข้าว,ทำงาน,ขายของ",P00163,"3ฟุต หน้าเหล็ก,น้ำเงิน Blue",โต๊ะพับ3ฟุต เหล็ก สีน้ำเงิน,,
"GOODHOME โต๊ะพับเหล็ก3ฟุต และ 4ฟุต ขาเหล็กกลมขาไขว้พับเก็บได้ โต๊ะพับเหล็กทั้งตัว สำหรับกินข้าว,ทำงาน,ขายของ",P00164,"3ฟุต หน้าเหล็ก,เมทัลลิค Metallic",โต๊ะพับ3ฟุต เหล็ก สีระเบิด,,
"GOODHOME โต๊ะพับเหล็ก3ฟุต และ 4ฟุต ขาเหล็กกลมขาไขว้พับเก็บได้ โต๊ะพับเหล็กทั้งตัว สำหรับกินข้าว,ทำงาน,ขายของ",P00168,"4ฟุต หน้าเหล็ก,สีดำ Black",โต๊ะพับ4ฟุต เหล็ก สีดำ,,
"GOODHOME โต๊ะพับเหล็ก3ฟุต และ 4ฟุต ขาเหล็กกลมขาไขว้พับเก็บได้ โต๊ะพับเหล็กทั้งตัว สำหรับกินข้าว,ทำงาน,ขายของ",P00166,"3ฟุต หน้าเหล็ก,สีขาว White",โต๊ะพับ3ฟุต เหล็ก สีขาว,,
"GOODHOME โต๊ะพับเหล็ก3ฟุต และ 4ฟุต ขาเหล็กกลมขาไขว้พับเก็บได้ โต๊ะพับเหล็กทั้งตัว สำหรับกินข้าว,ทำงาน,ขายของ",P00165,"3ฟุต หน้าเหล็ก,สีดำ Black",โต๊ะพับ3ฟุต เหล็ก สีดำ,,
GOODHOME อะไหล่ผ้าและมุ้งเปลโซ่ (ไม่รวมโครงเหล็ก),,"ผ้าเปลโซ่ , ฟ้า","ผ้าเปลโซ่ , ฟ้า",,
GOODHOME อะไหล่ผ้าและมุ้งเปลโซ่ (ไม่รวมโครงเหล็ก),,"ผ้าเปลโซ่ , ชมพู","ผ้าเปลโซ่ , ชมพู",,
GOODHOME เตียงสนามสามพับ✅งานคนไทย ผ้าหนาเหล็กหนาที่สุดในตลาด ยี่ห้อSWAN✅,P00079,"SWAN, สีแดง",ขนปุย แดง,,
GOODHOME เตียงสนามสามพับ✅งานคนไทย ผ้าหนาเหล็กหนาที่สุดในตลาด ยี่ห้อSWAN✅,P00138,"SWAN, สีน้ำเงิน",ขนปุย น้ำเงิน,,
GOODHOME เตียงสนามสามพับ✅งานคนไทย ผ้าหนาเหล็กหนาที่สุดในตลาด ยี่ห้อSWAN✅,P00139,ทหาร,ทหาร,,
GOODHOME หมอนและหมอนข้าง เกรดพรีเมี่ยมระดับโรงเเรม5ดาว✅ คุณภาพระดับเดียวกับยี่ห้อSatin💯 ขนาดใหญ่พิเศษ หนานุ่ม สีขาว,,"หมอน , สีขาว",หมอนหนุน สีขาว,,
GOODHOME หมอนและหมอนข้าง เกรดพรีเมี่ยมระดับโรงเเรม5ดาว✅ คุณภาพระดับเดียวกับยี่ห้อSatin💯 ขนาดใหญ่พิเศษ หนานุ่ม สีขาว,,"หมอนข้าง , สีขาว",หมอนข้าง สีขาว,,
GOODHOME กล่องพลาสติกมีฝาปิด กล่องใส่ของมีล้อ 📏ขนาดใหญ่ความจุ 55 ลิตร ใส่ของได้เยอะ📏หูล็อคแน่นหนา กล่องเอนกประสงค์,,กล่อง55ลิตร ส่งคละสี,กล่อง55ลิตร สี,,
GOODHOME กล่องพลาสติกมีฝาปิด กล่องใส่ของมีล้อ 📏ขนาดใหญ่ความจุ 55 ลิตร ใส่ของได้เยอะ📏หูล็อคแน่นหนา กล่องเอนกประสงค์,P00212,กล่อง55ลิตร สีดำ,กล่อง55ลิตร สีดำ,,
ถังน้ำพลาสติกแบบมีฝา 66ลิตร ถังน้ำพลาสติกทรงกลม 🧺 แข็งแรงทนทาน น้ำหนักเบา 🧺 ถังอเนกประสงค์ ถังแกลลอน ✨ส่งคละสี✨,,ถังน้ำ 66 ลิตร สีดำ,ถังน้ำ66ลิตร สีดำ,,
ถังน้ำพลาสติกแบบมีฝา 66ลิตร ถังน้ำพลาสติกทรงกลม 🧺 แข็งแรงทนทาน น้ำหนักเบา 🧺 ถังอเนกประสงค์ ถังแกลลอน ✨ส่งคละสี✨,,ถังน้ำ 66 ลิตร คละสี,ถังน้ำ66ลิตร สี,,
"GOODHOME โต๊ะญี่ปุ่นอเนกประสงค์ ขนาด 40x60 ซม. หน้าสี่เหลี่ยมผืนผ้า ใช้สำหรับทำการบ้าน,กินข้าว,ทำงาน ✅มี7สีให้เลือก✅",P00083,40x60 กขค(ส่งคละลาย),โต๊ะญี่ปุ่น16x24 กข,,
"GOODHOME โต๊ะญี่ปุ่นอเนกประสงค์ ขนาด 40x60 ซม. หน้าสี่เหลี่ยมผืนผ้า ใช้สำหรับทำการบ้าน,กินข้าว,ทำงาน ✅มี7สีให้เลือก✅",P00152,40X60 Classic Black,โต๊ะญี่ปุ่น16x24 ยีนส์,,
"GOODHOME โต๊ะญี่ปุ่นอเนกประสงค์ ขนาด 40x60 ซม. หน้าสี่เหลี่ยมผืนผ้า ใช้สำหรับทำการบ้าน,กินข้าว,ทำงาน ✅มี7สีให้เลือก✅",P00114,40X60 หินอ่อนขาว,โต๊ะญี่ปุ่น16x24 หินขาว,,
"GOODHOME โต๊ะญี่ปุ่นอเนกประสงค์ ขนาด 40x60 ซม. หน้าสี่เหลี่ยมผืนผ้า ใช้สำหรับทำการบ้าน,กินข้าว,ทำงาน ✅มี7สีให้เลือก✅",P00115,40X60 หินอ่อนดำ,โต๊ะญี่ปุ่น16x24 หินดำ,,
"GOODHOME โต๊ะญี่ปุ่นอเนกประสงค์ ขนาด 40x60 ซม. หน้าสี่เหลี่ยมผืนผ้า ใช้สำหรับทำการบ้าน,กินข้าว,ทำงาน ✅มี7สีให้เลือก✅",P00113,40X60 เมเปิ้ล,โต๊ะญี่ปุ่น16x24 เมเปิ้ล,,
ชั้นวางของอเนกประสงค์2-3ชั้น ทำจากไม้ปาร์ติเกิ้ลหนาและเหล็กกลมหนา รุ่นN42-N43สามารถใช้วางทีวี ไมโครเวฟได้✅มี3สีให้เลือก✅,,N42บีช(ขาเมทัลลิค),N42 บีช (ขาระเบิด),,
ชั้นวางของอเนกประสงค์2-3ชั้น ทำจากไม้ปาร์ติเกิ้ลหนาและเหล็กกลมหนา รุ่นN42-N43สามารถใช้วางทีวี ไมโครเวฟได้✅มี3สีให้เลือก✅,,N42โอ็ค(ขาเมทัลลิค),N42 โอ็ค (ขาระเบิด),,
ชั้นวางของอเนกประสงค์2-3ชั้น ทำจากไม้ปาร์ติเกิ้ลหนาและเหล็กกลมหนา รุ่นN42-N43สามารถใช้วางทีวี ไมโครเวฟได้✅มี3สีให้เลือก✅,,N4333333โซลิค(ขาขาว),N43โซลิค(ขาขาว),,
ชั้นวางของอเนกประสงค์2-3ชั้น ทำจากไม้ปาร์ติเกิ้ลหนาและเหล็กกลมหนา รุ่นN42-N43สามารถใช้วางทีวี ไมโครเวฟได้✅มี3สีให้เลือก✅,,N4333บีช(ขาเมทัลลิค),N43 บีช (ขาระเบิด),,
ชั้นวางของอเนกประสงค์2-3ชั้น ทำจากไม้ปาร์ติเกิ้ลหนาและเหล็กกลมหนา รุ่นN42-N43สามารถใช้วางทีวี ไมโครเวฟได้✅มี3สีให้เลือก✅,,N43333โอ็คขาเมทัลลิค,N43โอ็ค (ขาระเบิด),,
ชั้นวางของอเนกประสงค์2-3ชั้น ทำจากไม้ปาร์ติเกิ้ลหนาและเหล็กกลมหนา รุ่นN42-N43สามารถใช้วางทีวี ไมโครเวฟได้✅มี3สีให้เลือก✅,,N42โซลิค(ขาขาว),N42 โซลิค(ขาขาว),,
GOODHOMEโต๊ะกาแฟ โต๊ะญี่ปุ่นทรงสูงหน้าไม้ สี่เหลี่ยมผืนผ้า ขนาด 50x75ซม.พับเก็บได้ ขากลม เหมาะสำหรับทำงาน อ่านหนังสือ ✅,P00100,"กาแฟเหลี่ยม ,เมเปิ้ล","กาแฟเหลี่ยม ,เมเปิ้ล",,
GOODHOMEโต๊ะกาแฟ โต๊ะญี่ปุ่นทรงสูงหน้าไม้ สี่เหลี่ยมผืนผ้า ขนาด 50x75ซม.พับเก็บได้ ขากลม เหมาะสำหรับทำงาน อ่านหนังสือ ✅,P00097,กาแฟเหลี่ยมลายผ้ายีน,กาแฟเหลี่ยม ลายยีนส์,,
GOODHOMEโต๊ะกาแฟ โต๊ะญี่ปุ่นทรงสูงหน้าไม้ สี่เหลี่ยมผืนผ้า ขนาด 50x75ซม.พับเก็บได้ ขากลม เหมาะสำหรับทำงาน อ่านหนังสือ ✅,P00099,"กาแฟเหลี่ยม , หินขาว","กาแฟเหลี่ยม , หินขาว",,
GOODHOMEโต๊ะกาแฟ โต๊ะญี่ปุ่นทรงสูงหน้าไม้ สี่เหลี่ยมผืนผ้า ขนาด 50x75ซม.พับเก็บได้ ขากลม เหมาะสำหรับทำงาน อ่านหนังสือ ✅,P00098,"กาแฟเหลี่ยม, หินดำ","กาแฟเหลี่ยม, หินดำ",,
ตู้ลิ้นชักพลาสติกGOODHOME 3-4-5ชั้น เก๊ะสีหวานสลับสีกันทุกเก๊ะ ทำจากพลาสติกเกรดA แข็งแรงจุของได้เยอะ ขนาด 39x44xสูงสุด10,,4ชั้นมั่งมี,ตู้4ชั้น มั่งมี,,
ตู้ลิ้นชักพลาสติกGOODHOME 3-4-5ชั้น เก๊ะสีหวานสลับสีกันทุกเก๊ะ ทำจากพลาสติกเกรดA แข็งแรงจุของได้เยอะ ขนาด 39x44xสูงสุด10,,5ชั้นมั่งมี,ตู้5ชั้น มั่งมี,,
ตู้ลิ้นชักพลาสติกGOODHOME 3-4-5ชั้น เก๊ะสีหวานสลับสีกันทุกเก๊ะ ทำจากพลาสติกเกรดA แข็งแรงจุของได้เยอะ ขนาด 39x44xสูงสุด10,P00277,3ชั้นมั่งมี,ตู้3ชั้น มั่งมี,,
GOODHOME เก้าอี้พลาสติกทรงสูง รุ่นไต้หวัน ❤️ขนาดมาตรฐาน คุณภาพดี ราคาถูก แข็งแรง❤️ มีน้ำหนักเบา ทำความสะอาดง่าย,P00060,ไต้หวัน เขียว,เก้าอี้ไต้หวัน B สีเขียว,,
GOODHOME เก้าอี้พลาสติกทรงสูง รุ่นไต้หวัน ❤️ขนาดมาตรฐาน คุณภาพดี ราคาถูก แข็งแรง❤️ มีน้ำหนักเบา ทำความสะอาดง่าย,P00062,ไต้หวัน แดง,เก้าอี้ไต้หวัน B สีแดง,,
GOODHOME เก้าอี้พลาสติกทรงสูง รุ่นไต้หวัน ❤️ขนาดมาตรฐาน คุณภาพดี ราคาถูก แข็งแรง❤️ มีน้ำหนักเบา ทำความสะอาดง่าย,P00061,ไต้หวัน น้ำเงิน,เก้าอี้ไต้หวัน B สีน้ำเงิน,,
ตู้ลิ้นชัก3ชั้น GOODHOME ลายโดเรม่อน ลายลิขสิทธิ์แท้👉doraemon👈 ประกอบให้เสร็จ!!,,"3doraemon,น้ำตาล",,,
ตู้ลิ้นชัก3ชั้น GOODHOME ลายโดเรม่อน ลายลิขสิทธิ์แท้👉doraemon👈 ประกอบให้เสร็จ!!,,"3doraemon,น้ำเงิน",,,
ตู้ลิ้นชัก3ชั้น GOODHOME ลายโดเรม่อน ลายลิขสิทธิ์แท้👉doraemon👈 ประกอบให้เสร็จ!!,,"3doraemon,กระดิ่ง",,,
ตู้ลิ้นชัก3ชั้น GOODHOME ลายโดเรม่อน ลายลิขสิทธิ์แท้👉doraemon👈 ประกอบให้เสร็จ!!,,"3doraemon,โดรายากิ",,,
GOODHOME ราวตากผ้าอเนกประสงค์ รุ่นA407 มีล้อ แบบ2ชั้น ชั้นล่างเป็นตะกร้า✅มี5สีให้เลือก✅,P00038,A-407 ฟ้า,ราว 407 สีฟ้า,,
GOODHOME ราวตากผ้าอเนกประสงค์ รุ่นA407 มีล้อ แบบ2ชั้น ชั้นล่างเป็นตะกร้า✅มี5สีให้เลือก✅,P00034,A-407 เขียว,ราว 407 สีเขียว,,
GOODHOME ราวตากผ้าอเนกประสงค์ รุ่นA407 มีล้อ แบบ2ชั้น ชั้นล่างเป็นตะกร้า✅มี5สีให้เลือก✅,P00035,A-407 ชมพู,ราว 407 สีชมพู,,
GOODHOME ราวตากผ้าอเนกประสงค์ รุ่นA407 มีล้อ แบบ2ชั้น ชั้นล่างเป็นตะกร้า✅มี5สีให้เลือก✅,P00036,A-407 แดง,ราว 407 สีแดง,,
GOODHOME ราวตากผ้าอเนกประสงค์ รุ่นA407 มีล้อ แบบ2ชั้น ชั้นล่างเป็นตะกร้า✅มี5สีให้เลือก✅,P00037,A-407 น้ำเงิน,ราว 407 สีน้ำเงิน,,
ตู้ลิ้นชักพลาสติก เกรดA ขนาด3ชั้น รุ่น 1เล็ก 2ใหญ่ ลิ้นชักเอนกประสงค์ ตู้ลิ้นชักเก็บของ ตู้ลิ้นชักใส่ของ✅มี7ลายให้เลือก✅,,"1/2, หมีหัวใจ",ตู้1เล็ก2ใหญ่ หมีหัวใจ,,
ตู้ลิ้นชักพลาสติก เกรดA ขนาด3ชั้น รุ่น 1เล็ก 2ใหญ่ ลิ้นชักเอนกประสงค์ ตู้ลิ้นชักเก็บของ ตู้ลิ้นชักใส่ของ✅มี7ลายให้เลือก✅,,"1/2, ชมพูหัวใจ",ตู้1เล็ก2ใหญ่ ชมพูหัวใจ,,
ตู้ลิ้นชักพลาสติก เกรดA ขนาด3ชั้น รุ่น 1เล็ก 2ใหญ่ ลิ้นชักเอนกประสงค์ ตู้ลิ้นชักเก็บของ ตู้ลิ้นชักใส่ของ✅มี7ลายให้เลือก✅,,"1/2, ฟ้าหัวใจ",ตู้1เล็ก2ใหญ่ ฟ้าหัวใจ,,
ตู้ลิ้นชักพลาสติก เกรดA ขนาด3ชั้น รุ่น 1เล็ก 2ใหญ่ ลิ้นชักเอนกประสงค์ ตู้ลิ้นชักเก็บของ ตู้ลิ้นชักใส่ของ✅มี7ลายให้เลือก✅,,"1/2, ส้มบ้าน",ตู้1เล็ก2ใหญ่ ส้มบ้าน,,
ตู้ลิ้นชักพลาสติก เกรดA ขนาด3ชั้น รุ่น 1เล็ก 2ใหญ่ ลิ้นชักเอนกประสงค์ ตู้ลิ้นชักเก็บของ ตู้ลิ้นชักใส่ของ✅มี7ลายให้เลือก✅,,"1/2, หมีฟ้า",ตู้1เล็ก2ใหญ่ หมีฟ้า,,
ตู้ลิ้นชักพลาสติก เกรดA ขนาด3ชั้น รุ่น 1เล็ก 2ใหญ่ ลิ้นชักเอนกประสงค์ ตู้ลิ้นชักเก็บของ ตู้ลิ้นชักใส่ของ✅มี7ลายให้เลือก✅,,"1/2, กระต่ายชมพู",ตู้1เล็ก2ใหญ่ กระต่ายชมพู,,
ตู้ลิ้นชักพลาสติก เกรดA ขนาด3ชั้น รุ่น 1เล็ก 2ใหญ่ ลิ้นชักเอนกประสงค์ ตู้ลิ้นชักเก็บของ ตู้ลิ้นชักใส่ของ✅มี7ลายให้เลือก✅,,"1/2, จักรสาน",ตู้1เล็ก2ใหญ่ ลายไม้,,
ถังน้ำ 100ลิตร ถังแกลลอนมีฝา มีหูล็อคฝา2ข้าง 🌟สินค้าหนา ทนทาน แข็งแรง🌟 พลาสติกเกรดA ถังน้ำสำหรับรองน้ำไว้ใช้สอย 🌈ส่งค,,ถังน้ำ 100ลิตร สีดำ,ถังน้ำ 100ลิตร สีดำ,,
ถังน้ำ 100ลิตร ถังแกลลอนมีฝา มีหูล็อคฝา2ข้าง 🌟สินค้าหนา ทนทาน แข็งแรง🌟 พลาสติกเกรดA ถังน้ำสำหรับรองน้ำไว้ใช้สอย 🌈ส่งค,,ถังน้ำ 100ลิตร คละสี,ถังน้ำ 100ลิตร สี,,
GOODHOME เข่งพลาสติก ✅ขนาดใหญ่พิเศษ✅ เบอร์1 No.1 กว้าง66ซม. สูง53ซม. หูเหลี่ยม ขนาดใหญ่อย่างหนา ตะกร้าพลาสติก,P00204,เข่ง เบอร์ 1 คละสี,เข่ง no.1 สี,,
GOODHOME เข่งพลาสติก ✅ขนาดใหญ่พิเศษ✅ เบอร์1 No.1 กว้าง66ซม. สูง53ซม. หูเหลี่ยม ขนาดใหญ่อย่างหนา ตะกร้าพลาสติก,P00202,เข่ง เบอร์ 1 สีดำ,เข่ง no.1 ดำ,,
GOODHOME เก้าอี้พลาสติก5ขาหน้ากลมเกรดA หน้ากว้างและน้ำหนักมากกว่าร้านอื่น‼️เก้าอี้พลาสติกห้าขาหัวโล้น,P00136,5 ขากลม ฟ้า,5 ขากลม ฟ้า,,
GOODHOME เก้าอี้พลาสติก5ขาหน้ากลมเกรดA หน้ากว้างและน้ำหนักมากกว่าร้านอื่น‼️เก้าอี้พลาสติกห้าขาหัวโล้น,,5 ขากลม เขียว,5 ขากลม เขียว,,
GOODHOME เก้าอี้พลาสติก5ขาหน้ากลมเกรดA หน้ากว้างและน้ำหนักมากกว่าร้านอื่น‼️เก้าอี้พลาสติกห้าขาหัวโล้น,P00134,5 ขากลม ชมพู,5 ขากลม ชมพู,,
GOODHOME เก้าอี้พลาสติก5ขาหน้ากลมเกรดA หน้ากว้างและน้ำหนักมากกว่าร้านอื่น‼️เก้าอี้พลาสติกห้าขาหัวโล้น,P00137,5 ขากลม ขาว,5 ขากลม ขาว,,
GOODHOME เก้าอี้พลาสติก5ขาหน้ากลมเกรดA หน้ากว้างและน้ำหนักมากกว่าร้านอื่น‼️เก้าอี้พลาสติกห้าขาหัวโล้น,P00135,5 ขากลม แดง,5 ขากลม แดง,,
GOODHOME เก้าอี้พลาสติก5ขาหน้ากลมเกรดA หน้ากว้างและน้ำหนักมากกว่าร้านอื่น‼️เก้าอี้พลาสติกห้าขาหัวโล้น,P00133,5 ขากลม น้ำเงิน,5 ขากลม น้ำเงิน,,
GOODHOME กล่องใส่ของมีล้อ กล่องพลาสติกมีฝาปิด 📏ขนาดใหญ่ความจุ 85 ลิตร ใส่ของได้เยอะ📏หูล็อคแน่นหนา กล่องเอนกประสงค์,8,กล่อง85ลิตร สีดำ,กล่อง85L. ดำ,,
GOODHOME กล่องใส่ของมีล้อ กล่องพลาสติกมีฝาปิด 📏ขนาดใหญ่ความจุ 85 ลิตร ใส่ของได้เยอะ📏หูล็อคแน่นหนา กล่องเอนกประสงค์,8,กล่อง85ลิตร ส่งคละสี,กล่อง85L. สี,,
GOODHOME ราวตากผ้าA-8มีล้อ ตากผ้าเปียก รุ่นข.ขวด✅มี5สีให้เลือก✅,P00024,A-8 (แปด) เขียว,ราว A8 สีเขียว,,
GOODHOME ราวตากผ้าA-8มีล้อ ตากผ้าเปียก รุ่นข.ขวด✅มี5สีให้เลือก✅,P00025,A-8 (แปด) ชมพู,ราว A8 สีชมพู,,
GOODHOME ราวตากผ้าA-8มีล้อ ตากผ้าเปียก รุ่นข.ขวด✅มี5สีให้เลือก✅,P00026,A-8 (แปด) แดง,ราว A8 สีแดง,,
GOODHOME ราวตากผ้าA-8มีล้อ ตากผ้าเปียก รุ่นข.ขวด✅มี5สีให้เลือก✅,P00027,A-8 (แปด) น้ำเงิน,ราว A8 สีน้ำเงิน,,
GOODHOME ราวตากผ้าA-8มีล้อ ตากผ้าเปียก รุ่นข.ขวด✅มี5สีให้เลือก✅,P00028,A-8 (แปด) ฟ้า,ราว A8 สีฟ้า,,
GOODHOMEโต๊ะประชุมอเนกประสงค์พับได้ ขนาด75x150x75ซม ✅มี2แบบให้เลือก✅หน้าไม้และหน้าหล็ก เหมาะใช้สำหรับประชุมงานในสำนักงาน,,75x150 หน้าเหล็ก,โต๊ะประชุม75x150 หน้าเหล็ก,,
GOODHOMEโต๊ะประชุมอเนกประสงค์พับได้ ขนาด75x150x75ซม ✅มี2แบบให้เลือก✅หน้าไม้และหน้าหล็ก เหมาะใช้สำหรับประชุมงานในสำนักงาน,,75x150 หน้าไม้,โต๊ะประชุม75x150 หน้าไม้,,